Prioridad,Región,Comuna,Alcalde/sa,Correo área animal o ambiental,Área,Correo general municipio,Fuente del correo general,Teléfono,Dirección,Sitio web,Ficha ACHM,Estado,Fecha envío,Fecha seguimiento,Respuesta / notas
1,Biobío,Alto Biobío,Félix Vita Manquepi,tenenciaaltobiobio@gmail.com,Tenencia responsable,contacto@munialtobiobio.cl,ACHM,432578738,VILLA RALCO S/N ALTO BÍO BÍO,www.munialtobiobio.cl,https://www.achm.cl/municipios/alto-biobio,Pendiente,,,
1,Biobío,Santa Bárbara,Cristian Oses Abuter,centroveterinario@santabarbara.cl,Centro veterinario municipal,alcaldia@santabarbara.cl,ACHM,432409936,"Rosas 160, Santa Bárbara, Región del Bío Bío",www.santabarbara.cl,https://www.achm.cl/municipios/santa-barbara,Pendiente,,,
1,Libertador General Bernardo O'Higgins,San Fernando,Pablo Silva Pérez,tenenciaresponsable@munisanfernando.com,Tenencia responsable,alcaldia@munisanfernando.com,ACHM,722976090,CARAMPANGUE 865 SAN FERNANDO,www.munisanfernando.cl,https://www.achm.cl/municipios/san-fernando,Pendiente,,,
1,Los Lagos,San Juan de la Costa,Jose Luis Muñoz Uribe,veterinaria@sanjuandelacosta.cl,Veterinaria municipal,bch1971@hotmail.com,ACHM (cuenta personal tipo Gmail/Hotmail: verificar antes de enviar),642643 749,"AV. NUEVA NORTE SUR S/N, PUAUCHO",www.sanjuandelacosta.cl,https://www.achm.cl/municipios/san-juan-de-la-costa,Pendiente,,,
1,Metropolitana,Lampa,Jonathan Opazo Carrasco,zoonosis@lampa.cl,Zoonosis,alcaldia@lampa.cl,ACHM,228796000,AV. BAQUEDANO 964 Lampa,www.lampa.cl,https://www.achm.cl/municipios/lampa,Pendiente,,,
1,Metropolitana,Paine,Rodrigo Contreras Gutiérrez,centroveterinario@paine.cl,Centro veterinario municipal,contacto@paine.cl,ACHM,28218615,AV. GENERAL BAQUEDANO 490 Paine,www.paine.cl,https://www.achm.cl/municipios/paine,Pendiente,,,
1,Metropolitana,Providencia,Jaime Bellolio Avaria,proteccionanimal@providencia.cl,Protección animal,municipalidad@providencia.cl,ACHM,226543200,AV. PEDRO DE VALDIVIA 963 Providencia,www.providencia.cl,https://www.achm.cl/municipios/providencia,Pendiente,,,Borrador creado en Gmail el 05-10-2026
1,Metropolitana,Tiltil,Cesar Mena Retamal,veterinaria@tiltil.cl,Veterinaria municipal,,Sin correo publicado: usar formulario OIRS del sitio o teléfono,228105800,ARTURO PRAT 200 Tiltil,www.tiltil.cl,https://www.achm.cl/municipios/tiltil,Pendiente,,,
1,Valparaíso,Concón,Freddy Antonio Ramírez Villalobos,veterinaria@concon.cl,Veterinaria municipal,alcaldia@concon.cl,ACHM,323816001,"Sta Laura 583, Concón, Región de Valparaíso",alcaldia@concon.cl,https://www.achm.cl/municipios/concon,Pendiente,,,
1,Valparaíso,El Quisco,José Jofre Bustos,tenenciaresponsable@elquisco.cl,Tenencia responsable,alcaldia@elquisco.cl,ACHM,352473067,"Av Francia 011, El Quisco, Región de Valparaíso",www.elquisco.cl,https://www.achm.cl/municipios/el-quisco,Pendiente,,,
1,Valparaíso,Villa Alemana,Nelson Estay Molina,tenenciaresponsable@villalemana.cl,Tenencia responsable,alcaldia@villalemana.cl,ACHM,223145500,"Buenos Aires 850, Villa Alemana, Región de Valparaíso",www.villalemana.cl,https://www.achm.cl/municipios/villa-alemana,Pendiente,,,
1,Valparaíso,Zapallar,Gustavo Alessandri Bascuñán,centroveterinario@munizapallar.cl,Centro veterinario municipal,alcaldia@munizapallar.cl,ACHM,332296800,"German Riesco 399, Zapallar, Región de Valparaíso",www.munizapallar.cl,https://www.achm.cl/municipios/zapallar,Pendiente,,,Borrador creado en Gmail el 05-10-2026
1,Ñuble,Ñiquén,Mauricio Catoni Contreras,veterinaria@muniniquen.cl,Veterinaria municipal,partes@muniniquen.cl,ACHM,422203900,"Calle Estado #188 San Gregorio, comuna de Ñiquén, región de Ñuble.-",www.muniniquen.cl/,https://www.achm.cl/municipios/niquen,Pendiente,,,
2,Antofagasta,Antofagasta,Sacha Razmilic Burgos,,,alcaldia@imantof.cl,ACHM,55-288-7400,"Av. Séptimo de Línea 3505, Antofagasta, Región de Antofagasta",www.municipalidadantofagasta.cl,https://www.achm.cl/municipios/antofagasta,Pendiente,,,
2,Arica y Parinacota,Arica,Orlando Severo Vargas Pizarro,,,gabinete.alcaldia@municipalidadarica.cl,ACHM,+562 2220 6000,"Sotomayor 415, Arica",www.muniarica.cl,https://www.achm.cl/municipios/arica,Pendiente,,,
2,Atacama,Chañaral,Alex Ahumada Monroy,medio.ambiente@munichanaral.cl,Medio ambiente,alcaldia@munichanaral.cl,ACHM,+56942530609,,www.munichanaral.cl,https://www.achm.cl/municipios/chanaral,Pendiente,,,Borrador creado en Gmail el 05-10-2026
2,Atacama,Copiapó,Maglio Cicardini Neyra,,,copiapo.gabinete@gmail.com,ACHM (cuenta personal tipo Gmail/Hotmail: verificar antes de enviar),522473500,"Chacabuco 857, Copiapó, Región de Atacama",www.municipalidadcopiapo.cl,https://www.achm.cl/municipios/copiapo,Pendiente,,,
2,Atacama,Diego de Almagro,Mario Araya Rojas,medioambiente@imda.cl,Medio ambiente,oirs@imda.cl,Sitio municipal,522449171,"Almirante Latorre 700, Diego de Almagro, Región de Atacama",www.imda.cl,https://www.achm.cl/municipios/diego-de-almagro,Pendiente,,,
2,Aysén,Coyhaique,Carlos Gatica Villegas,,,partes@coyhaique.cl,ACHM,67213100,"F Bilbao, Coyhaique, Región de Aysén del General Carlos Ibáñez del Campo",www.coyhaique.cl,https://www.achm.cl/municipios/coyhaique,Pendiente,,,
2,Biobío,Concepción,Hector Muñoz Uribe,,,alcaldia@concepcion.cl,ACHM,412266500,AV. BERNARDO O'HIGGINS 525 CONCEPCIÓN,www.concepcion.cl,https://www.achm.cl/municipios/concepcion,Pendiente,,,
2,Coquimbo,La Serena,Daniela Norambuena Borgheresi,,,,Sin correo publicado: usar formulario OIRS del sitio o teléfono,512206501,"Arturo Prat 451, La Serena, Región de Coquimbo",www.laserena.cl,https://www.achm.cl/municipios/la-serena,Pendiente,,,
2,La Araucanía,Temuco,Roberto Neira Aburto,,,,Sin correo publicado: usar formulario OIRS del sitio o teléfono,452973000,ARTURO PRAT 650 Temuco,www.temuco.cl,https://www.achm.cl/municipios/temuco,Pendiente,,,
2,Libertador General Bernardo O'Higgins,Rancagua,Raimundo Agliati Marchant,,,,Sin correo publicado: usar formulario OIRS del sitio o teléfono,72 2443500,"Plaza de los Héroes 445 Rancagua, Rancagua, Región del Libertador Gral. Bernardo O’Higgins",www.rancagua.cl,https://www.achm.cl/municipios/rancagua,Pendiente,,,
2,Los Lagos,Frutillar,Javier Arismendi Valenzuela,medioambiente@munifrutillar.cl,Medio ambiente,oficinadepartes@munifrutillar.cl,ACHM,652421685,AV. PHILLIPPI 753 Frutillar,www.munifrutillar.cl,https://www.achm.cl/municipios/frutillar,Pendiente,,,
2,Los Lagos,Puerto Montt,Rodrigo Wainraihgt Galilea,,,monica.coronados@puertomontt.cl,ACHM,652223056,"Av. Pdte. Ibáñez 600, Puerto Montt, Región de los Lagos",www.puertomontt.cl,https://www.achm.cl/municipios/puerto-montt,Pendiente,,,
2,Los Lagos,Puerto Octay,Maria Elena Ojeda Betancourt,as.or.ambientepuertooctay@gmail.com,"Aseo, ornato y medio ambiente",alcaldiaoctay@gmail.com,ACHM (cuenta personal tipo Gmail/Hotmail: verificar antes de enviar),652391491,ESPERANZA 555 Puerto Octay,www.munipuertoctay.cl,https://www.achm.cl/municipios/puerto-octay,Pendiente,,,
2,Los Ríos,Mariquina,Guillermo Rolando Mitre Gatica,medioambiente@munimariquina.cl,Medio ambiente,munialcaldia@munimariquina.cl,ACHM,632453204,"Calle Mariquina 54, San José de la Mariquina, Mariquina, Región de los Ríos",www.munimariquina.cl,https://www.achm.cl/municipios/mariquina,Pendiente,,,
2,Los Ríos,Valdivia,Carla Andrea Amtmann Fecci,aseo@munivaldivia.cl,Aseo y ornato,,Sin correo publicado: usar formulario OIRS del sitio o teléfono,63-228-8664,AV. INDEPENDENCIA 455 valdivia,www.munivaldivia.cl,https://www.achm.cl/municipios/valdivia,Pendiente,,,
2,Magallanes y de la Antártica Chilena,Punta Arenas,Claudio Radonich Jiménez,,,alcalde@e-puntaarenas.cl,ACHM,612200592,"José Nogueira 1238, Punta Arenas, Región de Magallanes y de la Antártica Chilena",www.puntaarenas.cl,https://www.achm.cl/municipios/punta-arenas,Pendiente,,,
2,Maule,Talca,Juan Carlos Díaz,,,soporte@talca.cl,ACHM,71 2203600,"1 Norte 797, esquina 1 Oriente, Talca",www.talca.cl,https://www.achm.cl/municipios/talca,Pendiente,,,
2,Metropolitana,Alhué,Marcela Chamorro Macias,,,alcaldia@comunaalhue.cl,ACHM,228319298,"Onofre Jarpa 55, Alhue, Alhué, Región Metropolitana",municipalidadalhue.cl,https://www.achm.cl/municipios/alhue,Pendiente,,,
2,Metropolitana,Buin,Miguel Araya Lobos,,,maraya@buin.cl,ACHM,28218400,"Carlos Condell 415, Buin",www.buin.cl,https://www.achm.cl/municipios/buin,Pendiente,,,
2,Metropolitana,Calera de Tango,Hortensia Mora Catalán,,,,Sin correo publicado: usar formulario OIRS del sitio o teléfono,,AV. CALERA DE TANGO 345,municaleradetango.cl/,https://www.achm.cl/municipios/calera-de-tango,Pendiente,,,
2,Metropolitana,Cerrillos,Johnny Yañez Diaz,,,,Sin correo publicado: usar formulario OIRS del sitio o teléfono,228707801,"Piloto Lazo 120, Los Cerrillos, Cerrillos, Región Metropolitana",www.mcerrillos.cl,https://www.achm.cl/municipios/cerrillos,Pendiente,,,
2,Metropolitana,Cerro Navia,Mauro Tamayo Rozas,,,,Sin correo publicado: usar formulario OIRS del sitio o teléfono,(2) 2380 4000,"Del Consistorial 6645, 9080511 Cerro Navia, Región Metropolitana",www.cerronavia.cl/,https://www.achm.cl/municipios/cerro-navia,Pendiente,,,
2,Metropolitana,Colina,Isabel Valenzuela Ahumada,,,alcaldia@colina.cl,ACHM,227073304,"La Inmaculada Concepción 640, Colina, Región Metropolitana",www.colina.cl,https://www.achm.cl/municipios/colina,Pendiente,,,
2,Metropolitana,Conchalí,René De La Vega Fuentes,,,informaciones@conchali.cl,ACHM,228 286 100,AV. INDEPENDENCIA 3499,www.conchali.cl,https://www.achm.cl/municipios/conchali,Pendiente,,,
2,Metropolitana,Curacaví,Christian Hernandez Villanueva,,,contacto.daem@municipalidadcuracavi.cl,ACHM,22 299 2100,Avenida Ambrosio O’Higgins 1305,municipalidadcuracavi.cl,https://www.achm.cl/municipios/curacavi,Pendiente,,,
2,Metropolitana,El Bosque,Manuel Zúñiga Aguilar,,,,Sin correo publicado: usar formulario OIRS del sitio o teléfono,25401600,"Alejandro Guzmán 735, El Bosque",www.municipalidadelbosque.cl,https://www.achm.cl/municipios/el-bosque,Pendiente,,,
2,Metropolitana,El Monte,Zandra Maulén Jofré,,,alcaldesa@munielmonte.cl,ACHM,25609700,AV. LOS LIBERTADORES 277 El Monte,www.munielmonte.cl,https://www.achm.cl/municipios/el-monte,Pendiente,,,
2,Metropolitana,Estación Central,Felipe Eduardo Muñoz Vallejos,,,,Sin correo publicado: usar formulario OIRS del sitio o teléfono,226773400,AV. ALAMEDA LIBERTADOR B.O'HIGGINS 3920,municipalidadestacioncentral.cl,https://www.achm.cl/municipios/estacion-central,Pendiente,,,
2,Metropolitana,Huechuraba,Maximiliano Luksic Lederer,,,,Sin correo publicado: usar formulario OIRS del sitio o teléfono,227197004,AV. RECOLETA 5680,www.huechuraba.cl,https://www.achm.cl/municipios/huechuraba,Pendiente,,,
2,Metropolitana,Independencia,Agustin Iglesias Muñoz,,,,Sin correo publicado: usar formulario OIRS del sitio o teléfono,223631012,AV. INDEPENDENCIA 753,www.independencia.cl,https://www.achm.cl/municipios/independencia,Pendiente,,,
2,Metropolitana,Isla de Maipo,Juan Pablo Olave Cambara,,,partes@islademaipo.cl,ACHM,28769100,"Alcalde López 09, Isla de Maipo, Región Metropolitana",www.islademaipo.cl,https://www.achm.cl/municipios/isla-de-maipo,Pendiente,,,
2,Metropolitana,La Cisterna,Joel Olmos Espinoza,,,joel.olmos@gmail.com,ACHM (cuenta personal tipo Gmail/Hotmail: verificar antes de enviar),225407500,PEDRO AGUIRRE CERDA 0161,www.cisterna.cl,https://www.achm.cl/municipios/la-cisterna,Pendiente,,,
2,Metropolitana,La Florida,Daniel Reyes Morales,,,,Sin correo publicado: usar formulario OIRS del sitio o teléfono,226365117,AV. VICUÑA MACKENNA 7210,www.laflorida.cl,https://www.achm.cl/municipios/la-florida,Pendiente,,,
2,Metropolitana,La Granja,Claudio Arriagada Macaya,,,alcaldia@mlagranja.cl,ACHM,225503703,"Av. Américo Vespucio 002, La Granja, Región Metropolitana",www.municipalidadlagranja.cl,https://www.achm.cl/municipios/la-granja,Pendiente,,,
2,Metropolitana,La Pintana,Claudia Pizarro Peña,,,claudia.pizarro.p@pintana.cl,ACHM,23896600,AV. SANTA ROSA 12975,www.pintana.cl,https://www.achm.cl/municipios/la-pintana,Pendiente,,,
2,Metropolitana,La Reina,José Manuel Palacios Parra,dimao@mlareina.cl,"DIMAO (medio ambiente, aseo y ornato)",jpalacios@mlareina.cl,ACHM,225927277,AV. ALCALDE FERNANDO CASTILLO VELASCO 9925,www.lareina.cl,https://www.achm.cl/municipios/la-reina,Pendiente,,,
2,Metropolitana,Las Condes,Catalina San Martin Cavada,,,,Sin correo publicado: usar formulario OIRS del sitio o teléfono,229507000,AV. APOQUINDO 3400,www.lascondes.cl,https://www.achm.cl/municipios/las-condes,Pendiente,,,
2,Metropolitana,Lo Barnechea,Felipe Alessandri Vergara,,,,Sin correo publicado: usar formulario OIRS del sitio o teléfono,,AV. EL RODEO 12777,www.lobarnechea.cl/,https://www.achm.cl/municipios/lo-barnechea,Pendiente,,,
2,Metropolitana,Lo Espejo,Javiera Paz Reyes Jara,,,alcaldia@loespejo.cl,ACHM,229636600,AV. CENTRAL RAÚL SILVA HENRÍQUEZ 8321,www.loespejo.cl,https://www.achm.cl/municipios/lo-espejo,Pendiente,,,
2,Metropolitana,Lo Prado,Maximiliano Ríos Galleguillos,,,alcaldia@loprado.cl,ACHM,22388 7400,AV. SAN PABLO 5959,www.loprado.cl,https://www.achm.cl/municipios/lo-prado,Pendiente,,,
2,Metropolitana,Macul,Eduardo Espinoza Gaete,,,ofparte@munimacul.cl,ACHM,228100621,AV. LOS PLÁTANOS 3130 Macul,www.munimacul.cl/portal,https://www.achm.cl/municipios/macul,Pendiente,,,
2,Metropolitana,Maipú,Tomas Vodanovic Escudero,,,,Sin correo publicado: usar formulario OIRS del sitio o teléfono,22677 67 21,AV. 5 DE ABRIL 0260 Maipú,www.maipu.cl,https://www.achm.cl/municipios/maipu,Pendiente,,,
2,Metropolitana,María Pinto,Jessica Paola Mualim Fajuri,,,alcaldesa.mualim@mpinto.cl,ACHM,228354186,AV. FRANCISCO COSTÁBAL 78 María Pinto,mpinto.cl,https://www.achm.cl/municipios/maria-pinto,Pendiente,,,
2,Metropolitana,Melipilla,Paula Garate Rojas,,,alcaldia@melipilla.cl,ACHM,229027004,AV. SILVA CHÁVEZ 480 Melipilla,www.melipilla.cl,https://www.achm.cl/municipios/melipilla,Pendiente,,,
2,Metropolitana,Padre Hurtado,Felipe Muñoz Heredia,,,contacto@mph.cl,ACHM,24306000,SAN ALBERTO HURTADO 3295 Padre Hurtado,portal.mph.cl,https://www.achm.cl/municipios/padre-hurtado,Pendiente,,,
2,Metropolitana,Pedro Aguirre Cerda,Luis Astudillo Peiretti,,,,Sin correo publicado: usar formulario OIRS del sitio o teléfono,227980204,"Av. Salesianos 2029, Pedro Aguirre Cerda, Región Metropolitana",www.pedroaguirrecerda.cl,https://www.achm.cl/municipios/pedro-aguirre-cerda,Pendiente,,,
2,Metropolitana,Peñaflor,Rodrigo Cornejo Inostroza,,,alcaldia@penaflor.cl,ACHM,224327700,ALCALDE LUIS ARAYA CERECEDA 1215 Peñaflor,penaflor.cl,https://www.achm.cl/municipios/penaflor,Pendiente,,,
2,Metropolitana,Peñalolén,Miguel Concha Manso,,,,Sin correo publicado: usar formulario OIRS del sitio o teléfono,224868000,AV. GRECIA 8735 Peñalolen,www.penalolen.cl,https://www.achm.cl/municipios/penalolen,Pendiente,,,
2,Metropolitana,Pirque,Jaime Francisco Escudero Ramos,,,alcaldia@mpirque.cl,ACHM,223858504,"Av. Concha Y Toro 2548, Pirque, Región Metropolitana",www.pirque.cl,https://www.achm.cl/municipios/pirque,Pendiente,,,
2,Metropolitana,Pudahuel,Ítalo Andrés Bravo Lizana,,,gabinete@mpudahuel.cl,ACHM,226433675,AV. SAN PABLO 8444 Pudahuel,mpudahuel.cl/sitio/,https://www.achm.cl/municipios/pudahuel,Pendiente,,,
2,Metropolitana,Puente Alto,Matias Toledo Herrera,,,alcalde@mpuentealto.cl,ACHM,28101600,AV. CONCHA Y TORO 1820 Puente Alto,www.mpuentealto.cl,https://www.achm.cl/municipios/puente-alto,Pendiente,,,
2,Metropolitana,Quilicura,Paulina Rebeca Bobadilla Navarrete,,,paulinabobadilla@quilicura.cl,ACHM,223666700,JOSÉ FRANCISCO VERGARA 450 Quilicura,www.quilicura.cl,https://www.achm.cl/municipios/quilicura,Pendiente,,,
2,Metropolitana,Quinta Normal,Karina Delfino Mussa,,,alcaldesa@quintanormal.cl,ACHM,228928800,AV.CARRASCAL 4447 Quinta Normal,www.quintanormal.cl,https://www.achm.cl/municipios/quinta-normal,Pendiente,,,
2,Metropolitana,Recoleta,Fares Jadue Leiva,,,alcaldia@recoleta.cl,ACHM,229457442,AV.RECOLETA 2774 Recoleta,www.recoleta.cl,https://www.achm.cl/municipios/recoleta,Pendiente,,,
2,Metropolitana,Renca,Claudio Castro Salas,,,contacto@renca.cl,ACHM,22685 6600,AV. BLANCO ENCALADA 1335 Renca,renca.cl,https://www.achm.cl/municipios/renca,Pendiente,,,
2,Metropolitana,San Bernardo,Christopher White Bahamondes,dimao@sanbernardo.cl,"DIMAO (medio ambiente, aseo y ornato)",contacto@sanbernardo.cl,Sitio municipal,29270788,EYZAGUIRRE 450 San Bernardo,www.sanbernardo.cl,https://www.achm.cl/municipios/san-bernardo,Pendiente,,,
2,Metropolitana,San Joaquín,Cristóbal Amaro Labra Bassa,,,cristoballabra@sanjoaquin.cl,ACHM,22810 8351,"AV. SANTA ROSA 2606, CP 8950041",www.redsanjoaquin.cl,https://www.achm.cl/municipios/san-joaquin,Pendiente,,,
2,Metropolitana,San José de Maipo,Roberto Ulises Pérez Catalán,aseoyornato@sanjosedemaipo.cl,Aseo y ornato,alcaldia@sanjosedemaipo.cl,ACHM,226784900,"Camino Al Volcán 19755, San José de Maipo, Región Metropolitana",www.sanjosedemaipo.cl/,https://www.achm.cl/municipios/san-jose-de-maipo,Pendiente,,,
2,Metropolitana,San Miguel,Carol Bown Sepúlveda,,,alcaldia@sanmiguel.cl,ACHM,226789 100,AV. GRAN AVENIDA JOSÉ MIGUEL CARRERA 3418 San Miguel,web.sanmiguel.cl,https://www.achm.cl/municipios/san-miguel,Pendiente,,,
2,Metropolitana,San Pedro,Manuel Devia Vilches,,,,Sin correo publicado: usar formulario OIRS del sitio o teléfono,228323997,"Hermosilla 11, San Pedro, Región Metropolitana",www.sanpedrodemelipilla.cl,https://www.achm.cl/municipios/san-pedro,Pendiente,,,
2,Metropolitana,San Ramón,Gustavo Toro Quintana,,,,Sin correo publicado: usar formulario OIRS del sitio o teléfono,223909217,AV. OSSA 1771 San Ramón,www.municipalidadsanramon.cl/,https://www.achm.cl/municipios/san-ramon,Pendiente,,,
2,Metropolitana,Santiago,Mario Desbordes Jimenez,,,,Sin correo publicado: usar formulario OIRS del sitio o teléfono,227136002,"Plaza de Armas s/n, Santiago, Región Metropolitana",www.municipalidaddesantiago.cl,https://www.achm.cl/municipios/santiago,Pendiente,,,
2,Metropolitana,Talagante,Sebastian Rosas Guerrero,,,,Sin correo publicado: usar formulario OIRS del sitio o teléfono,225989200,21 DE MAYO 875 Talagante,www.talagante.cl,https://www.achm.cl/municipios/talagante,Pendiente,,,
2,Metropolitana,Vitacura,Camila Merino Catalán,,,alcaldia@vitacura.cl,ACHM,222402210,AV. BICENTENARIO 3800 Vitacura,www.vitacura.cl,https://www.achm.cl/municipios/vitacura,Pendiente,,,
2,Metropolitana,Ñuñoa,Sebastian Sichel Ramirez,,,alcalde@nunoa.cl,ACHM,222533081,AV. IRARRÁZAVAL 3550 Ñuñoa,www.nunoa.cl,https://www.achm.cl/municipios/nunoa,Pendiente,,,
2,Tarapacá,Iquique,Mauricio Soria Macchiavello,,,alcaldia@municipioiquique.cl,ACHM,57-251-4500,"Serrano 132, Iquique, Región de Tarapacá, Iquique",www.municipioiquique.cl,https://www.achm.cl/municipios/iquique,Pendiente,,,
2,Valparaíso,La Ligua,Patricio Daniel Pallares Valenzuela,medioambiente@laligua.cl,Medio ambiente,alcaldia@laligua.cl,ACHM,332342189,"Diego Portales 555, La Ligua",www.laligua.cl,https://www.achm.cl/municipios/la-ligua,Pendiente,,,
2,Valparaíso,Valparaíso,Camila Nieto Hernandez,,,,Sin correo publicado: usar formulario OIRS del sitio o teléfono,322939222,"Av. Argentina 864, Valparaíso, Región de Valparaíso",www.municipalidaddevalparaiso.cl,https://www.achm.cl/municipios/valparaiso,Pendiente,,,
2,Ñuble,Chillán,Camilo Benavente Jiménez,medioambiente@municipalidadchillan.cl,Medio ambiente,,Sin correo publicado: usar formulario OIRS del sitio o teléfono,422433300,AV. 18 DE SEPTIEMBRE 510 CHILLÁN,www.municipalidadchillan.cl,https://www.achm.cl/municipios/chillan,Pendiente,,,
2,Ñuble,Pemuco,Johnnson Guiñez Núñez,medioambiente@munipemuco.cl,Medio ambiente,alcaldia@munipemuco.cl,ACHM,422259500,San Martín #498,www.munipemuco.cl,https://www.achm.cl/municipios/pemuco,Pendiente,,,
3,Antofagasta,Calama,Eliecer Daniel Chamorro Vargas,,,alcaldia@municipalidadcalama.cl,ACHM,552348000,"Almte. Juan José Latorre 1912, Calama, Región de Antofagasta",www.municipalidadcalama.cl,https://www.achm.cl/municipios/calama,Pendiente,,,
3,Antofagasta,María Elena,Viviana Cuello Rivera,,,municipalidadmariaelena@imme.cl,ACHM,552891108,"Av. Ignacio Carrera Pinto, María Elena, Maria Elena, Región de Antofagasta",www.imme.cl,https://www.achm.cl/municipios/maria-elena,Pendiente,,,
3,Antofagasta,Mejillones,Marcelino Segundo Carvajal Ferreira,,,,Sin correo publicado: usar formulario OIRS del sitio o teléfono,55-2557308,"Francisco Antonio Pinto 200, Mejillones, Región de Antofagasta",www.mejillones.cl,https://www.achm.cl/municipios/mejillones,Pendiente,,,
3,Antofagasta,Ollagüe,Jhean Camilo Ramirez Dominguez,,,alcaldia.ollague@gmail.com,ACHM (cuenta personal tipo Gmail/Hotmail: verificar antes de enviar),552410603,"Avenida los Heroes S/N, Ollague, Región de Antofagasta",www.municipalidadollague.cl,https://www.achm.cl/municipios/ollague,Pendiente,,,
3,Antofagasta,San Pedro de Atacama,Justo Alexis Zuleta Santander,,,alcaldiamspa@gmail.com,ACHM (cuenta personal tipo Gmail/Hotmail: verificar antes de enviar),552569201,"Gustavo Padre le Paige 328, San Pedro de Atacama, Región de Antofagasta",www.municipiosanpedrodeatacama.cl,https://www.achm.cl/municipios/san-pedro-de-atacama,Pendiente,,,
3,Antofagasta,Sierra Gorda,Adriana Natali Rivera Vega,,,comunasierrag@gmail.com,ACHM (cuenta personal tipo Gmail/Hotmail: verificar antes de enviar),552641915,ilustre municipalidad de sierra gorda,www.municipalidadsierragorda.cl,https://www.achm.cl/municipios/sierra-gorda,Pendiente,,,
3,Antofagasta,Taltal,Mario Acuña Villalobos,,,alcaldia@taltal.cl,ACHM,552683000,"Av Arturo Prat 515, Taltal, Región de Antofagasta",www.municipalidadtaltal.cl,https://www.achm.cl/municipios/taltal,Pendiente,,,
3,Antofagasta,Tocopilla,Ljubica Elena Kutovic Cortes,,,info@imtocopilla.cl,ACHM,552421345,"Aníbal Pinto 1305, Tocopilla, Región de Antofagasta",www.imtocopilla.cl,https://www.achm.cl/municipios/tocopilla,Pendiente,,,
3,Arica y Parinacota,Camarones,Cristian Zavala Soto,,,imcamarones@gmail.com,ACHM (cuenta personal tipo Gmail/Hotmail: verificar antes de enviar),58-220-8600,"Ilustre Municipalidad De Camarones, Cuya, Camarones",imcamarones.cl,https://www.achm.cl/municipios/camarones,Pendiente,,,
3,Arica y Parinacota,General Lagos,Alex Fernando Castillo Blas,,,alcalde@portalvisviri.cl,ACHM,58-225-4832,"Dr. Juan Noe 417, Arica",portalvisviri.cl,https://www.achm.cl/municipios/general-lagos,Pendiente,,,
3,Arica y Parinacota,Putre,Javier Tito Huaylla,,,contacto@imputre.cl,ACHM,582594710,"Jose Miguel Carrera N° 350, Putre",www.imputre.cl,https://www.achm.cl/municipios/putre,Pendiente,,,
3,Atacama,Alto del Carmen,Cristian Didy Olivares Iriarte,,,alcaldia@munialtodelcarmen.cl,ACHM,512610328,"P. A. García s/n,, Alto del Carmen, Región de Atacama",www.munialtodelcarmen.cl,https://www.achm.cl/municipios/alto-del-carmen,Pendiente,,,
3,Atacama,Caldera,Brunilda González Anjel,,,bgonzalez@caldera.cl,ACHM,522535560,"Cousiño 395, Caldera, Región de Atacama",www.caldera.cl,https://www.achm.cl/municipios/caldera,Pendiente,,,
3,Atacama,Freirina,Fernando Ruhl Perez,,,alcaldia@imfreirina.cl,ACHM,512518713,"O'HIGGINS 1016, Freirina",www.freirina.cl,https://www.achm.cl/municipios/freirina,Pendiente,,,
3,Atacama,Huasco,Genaro Briceño Tapia,,,alcaldiahuasco@gmail.com,ACHM (cuenta personal tipo Gmail/Hotmail: verificar antes de enviar),512531039,"Craig 530, Huasco, Región de Atacama",nuevo.imhuasco.cl,https://www.achm.cl/municipios/huasco,Pendiente,,,
3,Atacama,Tierra Amarilla,Cristóbal Zúñiga Arancibia,,,secal_tierraamarilla@hotmail.com,ACHM (cuenta personal tipo Gmail/Hotmail: verificar antes de enviar),522329009,"Monseñor Miguel Lemeur 544, Copiapó, Tierra Amarilla",www.tierraamarilla.cl/,https://www.achm.cl/municipios/tierra-amarilla,Pendiente,,,
3,Atacama,Vallenar,Victor Isla Lutz,,,contacto@vallenar.cl,ACHM,512611320,"Plaza Ambrosio O'higgins 25, Vallenar, Región de Atacama",www.vallenar.cl,https://www.achm.cl/municipios/vallenar,Pendiente,,,
3,Aysén,Aysén,Luis Martínez Gallardo,,,,Sin correo publicado: usar formulario OIRS del sitio o teléfono,672336505,"Esmeralda 607, Puerto Aysen, Aysén, Región de Aysén del General Carlos Ibáñez del Campo",www.puertoaysen.cl,https://www.achm.cl/municipios/aysen,Pendiente,,,
3,Aysén,Chile Chico,Ariel Keim Hermosilla,,,,Sin correo publicado: usar formulario OIRS del sitio o teléfono,,"MUNICIPALIDAD CHILE CHICO, Región de Aysén del General Carlos Ibáñez del Campo",www.chilechico.cl/,https://www.achm.cl/municipios/chile-chico,Pendiente,,,
3,Aysén,Cisnes,Francisco Javier Roncagliolo,,,oirs@municipalidadcisnes.cl,ACHM,672 346423,Rafael Sotomayor 191,municipalidadcisnes.cl,https://www.achm.cl/municipios/cisnes,Pendiente,,,
3,Aysén,Cochrane,Patricio Ulloa Georgia,,,alcaldia@cochranepatagonia.cl,ACHM,672522115,"ESMERALDA 398 Cochrane, Región de Aysén del General Carlos Ibáñez del Campo",www.cochranepatagonia.cl,https://www.achm.cl/municipios/cochrane,Pendiente,,,
3,Aysén,Guaitecas,Bans Puinao Carimoney,,,alcaldia@muniguaitecas.cl,ACHM,672431693,"Guaitecas, Región de Aysén del General Carlos Ibáñez del Campo",www.muniguaitecas.cl,https://www.achm.cl/municipios/guaitecas,Pendiente,,,
3,Aysén,Lago Verde,Claudia Valdés Vásquez,,,alcaldia@lagoverdeaysen.cl,ACHM,672217346,"Lago Verde, Región de Aysén del General Carlos Ibáñez del Campo",comunalagoverde.cl,https://www.achm.cl/municipios/lago-verde,Pendiente,,,
3,Aysén,O'Higgins,Raquel Torres Cuevas,,,partes@municipalidadohiggins.cl,ACHM,612431805,"LAGO CHRISTI 121, VILLA O'HIGGINS",www.municipalidadohiggins.cl,https://www.achm.cl/municipios/o-higgins,Pendiente,,,
3,Aysén,Río Ibáñez,Juan Hernán Saldivia Cea,,,juan.saldivia@rioibanez.cl,ACHM,672423216,"Puerto Ibáñez, Carlos Soza Nº161",www.rioibanez.cl,https://www.achm.cl/municipios/rio-ibanez,Pendiente,,,
3,Aysén,Tortel,Marisela Jiménez Cruces,,,alcalde@municipalidaddetortel.cl,ACHM,672573203,"SECTOR BASE S/N, CALETA TORTEL",www.tortel.cl/,https://www.achm.cl/municipios/tortel,Pendiente,,,
3,Biobío,Antuco,Sandra Bobadilla Cisterna,,,alcaldia@municipalidadantuco.cl,ACHM,432633201,CALIXTO PADILLA 155 ANTUCO,www.municipalidadantuco.cl,https://www.achm.cl/municipios/antuco,Pendiente,,,
3,Biobío,Arauco,Juan Mauricio Alarcón Guzmán,,,alcaldesadearauco@gmail.com,ACHM (cuenta personal tipo Gmail/Hotmail: verificar antes de enviar),412168003,COVADONGA 527 Arauco,muniarauco.cl,https://www.achm.cl/municipios/arauco,Pendiente,,,
3,Biobío,Cabrero,Yusef Sabag Araneda,,,municipalidad@cabrero.cl,ACHM,432401800,AV. LAS DELICIAS 355 CABRERO,www.cabrero.cl,https://www.achm.cl/municipios/cabrero,Pendiente,,,
3,Biobío,Cañete,Jorge Radonich,,,oirs@municanete.cl,ACHM,41 2209000,"Arturo Prat 220, Cañete",municanete.cl,https://www.achm.cl/municipios/canete,Pendiente,,,
3,Biobío,Chiguayante,Jorge Lozano Zapata,,,jorge.lozano@munichiguayante.cl,ACHM,412508100,OROZIMBO BARBOZA 104 CHIGUAYANTE,www.chiguayante.cl,https://www.achm.cl/municipios/chiguayante,Pendiente,,,
3,Biobío,Contulmo,Carlos Arturo Leal Neira,,,alcalde@contulmo.cl,ACHM,41 2 618142 - 41 2 618113,NAHUELBUTA 109 CONTULMO,www.contulmo.cl,https://www.achm.cl/municipios/contulmo,Pendiente,,,
3,Biobío,Coronel,Boris Chamorro Rebolledo,,,alcaldia@coronel.cl,ACHM,412407000,"LOS NOTROS 1489, LAGUNILLAS 2 CORONEL",www.coronel.cl,https://www.achm.cl/municipios/coronel,Pendiente,,,
3,Biobío,Curanilahue,Luis Gengnagel Gutiérrez,,,alcaldesa@munichue.cl,ACHM,412405900,"Avenida Arturo Prat 801, Curanilahue, Región del Bío Bío",www.munichue.cl,https://www.achm.cl/municipios/curanilahue,Pendiente,,,
3,Biobío,Florida,Rodrigo Montero Cuevas,,,rmontero@muniflorida.cl,ACHM,412668900,ARTURO PRAT 675 FLORIDA,www.muniflorida.cl,https://www.achm.cl/municipios/florida,Pendiente,,,
3,Biobío,Hualpén,Miguel Rivera Morales,,,,Sin correo publicado: usar formulario OIRS del sitio o teléfono,412178516,CHAITÉN 8070 HUALPÉN,www.hualpenciudad.cl,https://www.achm.cl/municipios/hualpen,Pendiente,,,
3,Biobío,Hualqui,Ricardo Fuentes Palma,,,secretariamunicipal@munihualqui.cl,ACHM,412447100,RAMÓN FREIRE 351 HUALQUI,www.munihualqui.cl,https://www.achm.cl/municipios/hualqui,Pendiente,,,
3,Biobío,Laja,Vladimir Fica Toledo,,,alcaldia@munilaja.cl,ACHM,432524600,BALMACEDA 292 LAJA,www.munilaja.cl,https://www.achm.cl/municipios/laja,Pendiente,,,
3,Biobío,Lebu,Marcela Tiznado Fernandez,,,alcalde@lebu.cl,ACHM,412866700,AV. ANDRÉS BELLO 233 LEBU,www.lebu.cl,https://www.achm.cl/municipios/lebu,Pendiente,,,
3,Biobío,Los Álamos,Pablo Vegas Verdugo,,,partesyarchivos@munilosalamos.cl,ACHM,412261000,Libertad #300,www.munilosalamos.cl/web,https://www.achm.cl/municipios/los-alamos,Pendiente,,,
3,Biobío,Los Ángeles,José Pérez Arriagada,,,contacto@losangeles.cl,ACHM,432409501,AV. RICARDO VICUÑA 0495 LOS ÁNGELES,www.losangeles.cl,https://www.achm.cl/municipios/los-angeles,Pendiente,,,
3,Biobío,Lota,Jaime Vásquez Castillo,,,contacto@munilota.cl,ACHM,412405000,AV. PEDRO AGUIRRE CERDA 302 LOTA,www.lota.cl,https://www.achm.cl/municipios/lota,Pendiente,,,
3,Biobío,Mulchén,José Miguel Muñoz,,,alcalde@munimulchen.cl,ACHM,432401400,ANIBAL PINTO 495 MULCHÉN,www.munimulchen.cl,https://www.achm.cl/municipios/mulchen,Pendiente,,,
3,Biobío,Nacimiento,Carlos Toloza Soto,,,,Sin correo publicado: usar formulario OIRS del sitio o teléfono,43 2534267,"Freire 614, Nacimiento",www.nacimiento.cl,https://www.achm.cl/municipios/nacimiento,Pendiente,,,
3,Biobío,Negrete,Alfredo Alejandro Peña Peña,,,alcaldia@municipalidadnegrete.cl,ACHM,432520630,ALBERTO MÖLLER 293 NEGRETE,www.muninegrete.cl,https://www.achm.cl/municipios/negrete,Pendiente,,,
3,Biobío,Penco,Rodrigo Vera Riquelme,,,oirs@penco.cl,ACHM,412261453,AV. LIBERTADOR BERNARDO O'HIGGINS 500 PENCO,www.penco.cl,https://www.achm.cl/municipios/penco,Pendiente,,,
3,Biobío,Quilaco,Pablo Antonio Urrutia Maldonado,,,alcaldia@municipalidadquilaco.cl,ACHM,432633600,MANUEL CÓRDOVA 46 QUILACO,www.municipalidadquilaco.cl,https://www.achm.cl/municipios/quilaco,Pendiente,,,
3,Biobío,Quilleco,Claudio Solar Jara,,,alcaldia@municipalidadquilleco.cl,ACHM,432633400,JOSÉ MIGUEL CARRERA 460 QUILLECO,www.municipalidadquilleco.cl,https://www.achm.cl/municipios/quilleco,Pendiente,,,
3,Biobío,San Pedro de la Paz,Juan Pablo Spoerer,,,javier.guinez@sanpedrodelapaz.cl,ACHM,412501909,"Los Acacios 43, Villa San Pedro, San Pedro de la Paz – Chile",www.sanpedrodelapaz.cl,https://www.achm.cl/municipios/san-pedro-de-la-paz,Pendiente,,,
3,Biobío,San Rosendo,Rabindranath Acuña Olate,,,alcaldiamunisanrosendo@gmail.com,ACHM (cuenta personal tipo Gmail/Hotmail: verificar antes de enviar),432461214,IBIETA 225 SAN ROSENDO,www.municipalidadsanrosendo.cl,https://www.achm.cl/municipios/san-rosendo,Pendiente,,,
3,Biobío,Santa Juana,Angel Castro Medina,,,,Sin correo publicado: usar formulario OIRS del sitio o teléfono,412779242,YUNGAY 125 SANTA JUANA,www.santajuana.cl,https://www.achm.cl/municipios/santa-juana,Pendiente,,,
3,Biobío,Talcahuano,Eduardo Saavedra Bustos,,,admunicipal@talcahuano.cl,ACHM,412503900,BULNES 266 TALCAHUANO,www.talcahuano.cl,https://www.achm.cl/municipios/talcahuano,Pendiente,,,
3,Biobío,Tirúa,José Linco Garrido,,,,Sin correo publicado: usar formulario OIRS del sitio o teléfono,412445800,AV. COSTANERA 080 TIRÚA,www.munitirua.com,https://www.achm.cl/municipios/tirua,Pendiente,,,
3,Biobío,Tomé,Ítalo Cáceres Lizana,,,municipalidad@tome.cl,ACHM,412406400,IGNACIO SERRANO 1185 TOMÉ,www.tome.cl,https://www.achm.cl/municipios/tome,Pendiente,,,
3,Biobío,Tucapel,Jaime Veloso Jara,,,oficinapartes@munitucapel.cl,ACHM,432404061,"DIEGO PORTALES 258, HUÉPIL",www.municipalidadtucapel.cl,https://www.achm.cl/municipios/tucapel,Pendiente,,,
3,Biobío,Yumbel,José Aurelio Sáez Vinet,,,alcalde@yumbel.cl,ACHM,432405800,O'HIGGINS 851 YUMBEL,www.yumbel.cl,https://www.achm.cl/municipios/yumbel,Pendiente,,,
3,Coquimbo,Andacollo,Juan Carlos Alfaro Aravena,,,muniandacollo@gmail.com,ACHM (cuenta personal tipo Gmail/Hotmail: verificar antes de enviar),512337900,"Plaza Videla 50, Andacollo",www.andacollochile.cl,https://www.achm.cl/municipios/andacollo,Pendiente,,,
3,Coquimbo,Canela,Waldo Enrique Contreras Cortes,,,alcaldia@canela.cl,ACHM,53-254-0088,"Luis Infante 520, Canela, Región de Coquimbo",www.canela.cl,https://www.achm.cl/municipios/canela,Pendiente,,,
3,Coquimbo,Combarbalá,Marta Angelica Carvajal Cortes,,,,Sin correo publicado: usar formulario OIRS del sitio o teléfono,532741103,"Plaza de Armas 438, Combarbala, Combarbalá, Región de Coquimbo",www.combarbala.cl,https://www.achm.cl/municipios/combarbala,Pendiente,,,
3,Coquimbo,Coquimbo,Ali Manouchehri Moghadam Kashan Lobos,,,partes@municoquimbo.cl,ACHM,51-233-5300,"Avenida Alessandri 271, El Llano, Coquimbo, Coquimbo, Región de Coquimbo",www.municoquimbo.cl,https://www.achm.cl/municipios/coquimbo,Pendiente,,,
3,Coquimbo,Illapel,Denis Cortés Vargas,,,denis.cortes@municioalidadillapel.cl,ACHM,532662304,"Álvarez Pérez 747, Illapel, Región de Coquimbo",www.municipalidadillapel.cl,https://www.achm.cl/municipios/illapel,Pendiente,,,
3,Coquimbo,La Higuera,Uberlinda Aquea Barraza,,,,Sin correo publicado: usar formulario OIRS del sitio o teléfono,512429900,"La Higuera, Región de Coquimbo",www.munilahiguera.cl,https://www.achm.cl/municipios/la-higuera,Pendiente,,,
3,Coquimbo,Los Vilos,Christian Gross Hidalgo,,,,Sin correo publicado: usar formulario OIRS del sitio o teléfono,532448444,"Lincoyán 298, Los Vilos, Región de Coquimbo",www.munilosvilos.cl,https://www.achm.cl/municipios/los-vilos,Pendiente,,,
3,Coquimbo,Monte Patria,Cristian Herrera Peña,,,informaciones@mpatria.cl,ACHM,53 2354400,"Monte Patria, Región de Coquimbo",www.munimontepatria.cl,https://www.achm.cl/municipios/monte-patria,Pendiente,,,
3,Coquimbo,Ovalle,Hector Vega Campusano,,,gabineteovalle@gmail.com,ACHM (cuenta personal tipo Gmail/Hotmail: verificar antes de enviar),53266110,"Benjamin Vicuña Mackenna 441, Ovalle, Región de Coquimbo",www.municipalidaddeovalle.cl,https://www.achm.cl/municipios/ovalle,Pendiente,,,
3,Coquimbo,Paihuano,Hernán Ahumada Ahumada,,,ahumadalcalde@gmail.com,ACHM (cuenta personal tipo Gmail/Hotmail: verificar antes de enviar),512451015,"Av. Balmaceda S/N, Paihuano, Región de Coquimbo",www.municipalidaddepaihuano.cl,https://www.achm.cl/municipios/paihuano,Pendiente,,,
3,Coquimbo,Punitaqui,Pedro Araya Zepeda,,,pedroaraya@munipunitaqui.cl,ACHM,532731106,"Caupolicán 1147, Punitaqui, Región de Coquimbo",www.munipunitaqui.cl,https://www.achm.cl/municipios/punitaqui,Pendiente,,,
3,Coquimbo,Río Hurtado,Carmen Olivares,,,alcaldia@riohurtado.cl,ACHM,53 2691856,"Calle Única s/n, Samo Alto, Río Hurtado",www.riohurtado.cl,https://www.achm.cl/municipios/rio-hurtado,Pendiente,,,
3,Coquimbo,Salamanca,Carlos Lillo Alamos,,,,Sin correo publicado: usar formulario OIRS del sitio o teléfono,532448600,"Manuel Bulnes 501-599, Salamanca, Región de Coquimbo",www.salamanca.cl,https://www.achm.cl/municipios/salamanca,Pendiente,,,
3,Coquimbo,Vicuña,Mario Aros Carvajal,,,,Sin correo publicado: usar formulario OIRS del sitio o teléfono,512670316,"San Martín S/N, Vicuña, Región de Coquimbo",www.municipalidadvicuna.cl,https://www.achm.cl/municipios/vicuna,Pendiente,,,
3,La Araucanía,Angol,Enrique Neira Neira,,,enrique.neira@angol.cl,ACHM,452657050,PEDRO AGUIRRE CERDA 509 Angol,www.angol.cl,https://www.achm.cl/municipios/angol,Pendiente,,,
3,La Araucanía,Carahue,Helmuth Martínez Llancapan,,,contacto@carahue.cl,ACHM,452681500,PORTALES 295 Carahue,www.carahue.cl,https://www.achm.cl/municipios/carahue,Pendiente,,,
3,La Araucanía,Cholchol,Alvaro Labraña Opazo,,,,Sin correo publicado: usar formulario OIRS del sitio o teléfono,452734200,"Cholchol, Región de la Araucanía",www.municholchol.cl,https://www.achm.cl/municipios/cholchol,Pendiente,,,
3,La Araucanía,Collipulli,Manuel Macaya Ramírez,,,danielvalenciac@municipalidadcollipulli.cl,ACHM,452918466,AV. SAAVEDRA SUR 1355 Collipulli,www.sitio.municipalidadcollipulli.cl,https://www.achm.cl/municipios/collipulli,Pendiente,,,
3,La Araucanía,Cunco,Cristián Moraga Lagos,,,alcaldia@municunco.cl,ACHM,452573 280,PEDRO AGUIRRE CERDA 580 Cunco,www.municunco.cl,https://www.achm.cl/municipios/cunco,Pendiente,,,
3,La Araucanía,Curacautín,Hugo Vidal Merino,,,alcaldecuracautin@yahoo.es,ACHM (cuenta personal tipo Gmail/Hotmail: verificar antes de enviar),452374500,"Manuel Rodriguez 320, Curacautin, Curacautín, Región de la Araucanía",www.mcuracautin.cl,https://www.achm.cl/municipios/curacautin,Pendiente,,,
3,La Araucanía,Curarrehue,Daniel Parra Calbrano,,,painefiloalcalde@gmail.com,ACHM (cuenta personal tipo Gmail/Hotmail: verificar antes de enviar),452922059,AV. ESTADIO 550 Curarrehue,www.curarrehue.cl,https://www.achm.cl/municipios/curarrehue,Pendiente,,,
3,La Araucanía,Ercilla,Luis Orellana Rocha,,,alcaldia@muniercilla.cl,ACHM,452922400,ONGOLMO 351 Ercilla,www.muniercilla.cl,https://www.achm.cl/municipios/ercilla,Pendiente,,,
3,La Araucanía,Freire,Jose Colihuil Binimelis,,,alcaldia@munifreire.cl,ACHM,452759200,PEDRO CAMALEZ 85 Freire,www.munifreire.cl,https://www.achm.cl/municipios/freire,Pendiente,,,
3,La Araucanía,Galvarino,Hans González Espinoza,,,hgonzalez@galvarinochile.cl,ACHM,452924776,INDEPENDENCIA 90 Galvarino,www.galvarinochile.cl,https://www.achm.cl/municipios/galvarino,Pendiente,,,
3,La Araucanía,Gorbea,Jorge Andrés Romero Martínez,,,,Sin correo publicado: usar formulario OIRS del sitio o teléfono,,RAMÓN FREIRE 590 Gorbea,www.municipalidadgorbea.cl,https://www.achm.cl/municipios/gorbea,Pendiente,,,
3,La Araucanía,Lautaro,Ricardo Jaramillo Galindo,,,alcalde@munilautaro.cl,ACHM,452591400,O'HIGGINS 1032 Lautaro,www.munilautaro.cl,https://www.achm.cl/municipios/lautaro,Pendiente,,,
3,La Araucanía,Loncoche,Alexis Pineda Ruiz,,,alcaldia@municipalidadloncoche.cl,ACHM,452990960,MANUEL BULNES 385 Loncoche,www.muniloncoche.cl,https://www.achm.cl/municipios/loncoche,Pendiente,,,
3,La Araucanía,Lonquimay,Eduardo Yañez Rivas,,,municipalidad@mlonquimay.cl,ACHM,452656080,"Longuimay, Lonquimay, Región de la Araucanía",www.mlonquimay.cl,https://www.achm.cl/municipios/lonquimay,Pendiente,,,
3,La Araucanía,Los Sauces,Víctor Hugo González Rodríguez,,,alcaldialossauces@yahoo.es,ACHM (cuenta personal tipo Gmail/Hotmail: verificar antes de enviar),452655701,"R-86 465, Los Sauces, Región de la Araucanía",www.munilossauces.com,https://www.achm.cl/municipios/los-sauces,Pendiente,,,
3,La Araucanía,Lumaco,Richard Leonelli Contreras,,,lumaco.alcaldia@gmail.com,Sitio municipal (cuenta personal tipo Gmail/Hotmail: verificar antes de enviar),452656922,ARTURO PRAT 506 LUMACO,www.munilumaco.cl,https://www.achm.cl/municipios/lumaco,Pendiente,,,
3,La Araucanía,Melipeuco,Alejandro Cuminao Barros,,,,Sin correo publicado: usar formulario OIRS del sitio o teléfono,452537131,"S-61, Melipeuco, Región de la Araucanía",www.melipeuko.cl,https://www.achm.cl/municipios/melipeuco,Pendiente,,,
3,La Araucanía,Nueva Imperial,César Hipolito Sepúlveda Huerta,,,municipalidad@nuevaimperial.cl,ACHM,452683100,ARTURO PRAT 65 Nueva Imperial,www.nuevaimperial.cl,https://www.achm.cl/municipios/nueva-imperial,Pendiente,,,
3,La Araucanía,Padre Las Casas,Mario González Rebolledo,,,alcaldia@padrelascasas.cl,ACHM,452590000,MAQUEHUE 1441 Padre Las Casas,www.padrelascasas.cl,https://www.achm.cl/municipios/padre-las-casas,Pendiente,,,
3,La Araucanía,Perquenco,Alejandro Sepúlveda Tapia,,,,Sin correo publicado: usar formulario OIRS del sitio o teléfono,452756200,ESMERALDA 497 Perquenco,www.perquenco.cl,https://www.achm.cl/municipios/perquenco,Pendiente,,,
3,La Araucanía,Pitrufquén,Jacqueline Romero Inzunza,,,alcaldia@mpitrufquen.cl,ACHM,452990345,FRANCISCO BILBAO 593 Pitrufquen,www.mpitrufquen.cl,https://www.achm.cl/municipios/pitrufquen,Pendiente,,,
3,La Araucanía,Pucón,Sebastián Álvarez Ramirez,,,gabinete@municipalidadpucon.cl,ACHM,452293000,AV. O'HIGGINS 483 Pucón,www.municipalidadpucon.cl,https://www.achm.cl/municipios/pucon,Pendiente,,,
3,La Araucanía,Purén,Frann Barbieri Fernández,,,alcaldia@munipuren.cl,ACHM,452793021,DOCTOR GARRIGA 995 Purén,www.munipuren.cl,https://www.achm.cl/municipios/puren,Pendiente,,,
3,La Araucanía,Renaico,Juan Carlos Reinao Marilao,,,reinaoalcalde@renaico.cl,ACHM,"-37.671177, -72.585159",COMERCIO 206 Renaico,www.renaico.cl,https://www.achm.cl/municipios/renaico,Pendiente,,,
3,La Araucanía,Saavedra,Ricardo Tripainao Calfulaf,,,alcalde@municipiodesaavedra.cl,ACHM,452655398,"Saavedra, Región de la Araucanía",www.municipiodesaavedra.cl,https://www.achm.cl/municipios/saavedra,Pendiente,,,
3,La Araucanía,Teodoro Schmidt,Baldomero Santos Vidal,,,,Sin correo publicado: usar formulario OIRS del sitio o teléfono,452922714,"Balmaceda 410,, Teodoro Schmidt, Región de la Araucanía",www.muniteodoro.cl,https://www.achm.cl/municipios/teodoro-schmidt,Pendiente,,,
3,La Araucanía,Toltén,Guillermo Martínez,,,,Sin correo publicado: usar formulario OIRS del sitio o teléfono,45 2924545,"Bernardo O'Higgins 410, Toltén",www.tolten.cl,https://www.achm.cl/municipios/tolten,Pendiente,,,
3,La Araucanía,Traiguén,Luis Alvarez Valenzuela,,,municipalidad@mtraiguen.cl,ACHM,452990900,BASILIO URRUTIA 914 TRAIGUÉN,www.mtraiguen.cl,https://www.achm.cl/municipios/traiguen,Pendiente,,,
3,La Araucanía,Victoria,Javier Jaramillo,,,contacto@victoriachile.cl,ACHM,45 2598400,"Lagos N° 680, Victoria",www.victoriachile.cl,https://www.achm.cl/municipios/victoria,Pendiente,,,
3,La Araucanía,Vilcún,Katherinne Migueles Muñoz,,,contacto@vilcun.cl,ACHM,452456002,"S-31 394, Vilcun, Vilcún, Región de la Araucanía",www.vilcun.cl,https://www.achm.cl/municipios/vilcun,Pendiente,,,
3,La Araucanía,Villarrica,Pablo Astete Moud,,,alcaldia@villarrica.org,ACHM,452206500,AV. PEDRO DE VALDIVIA 810 VILLARRICA,www.villarrica.org,https://www.achm.cl/municipios/villarrica,Pendiente,,,
3,Libertador General Bernardo O'Higgins,Chimbarongo,Marco Contreras Jorquera,,,,Sin correo publicado: usar formulario OIRS del sitio o teléfono,722782054,"Javiera Carrera, Chimbarongo, Región del Libertador Gral. Bernardo O’Higgins",www.municipalidadchimbarongo.com,https://www.achm.cl/municipios/chimbarongo,Pendiente,,,
3,Libertador General Bernardo O'Higgins,Chépica,Fabián Soto González,,,contactoweb@municipalidadchepica.cl,ACHM,722817269,,www.municipalidadchepica.cl,https://www.achm.cl/municipios/chepica,Pendiente,,,
3,Libertador General Bernardo O'Higgins,Codegua,José Alexander Flores Osorio,,,alcalde@municipalidaddecodegua.cl,ACHM,722973500,"O'Higgins #276, Codegua, Región del Libertador Gral. Bernardo O’Higgins",www.municipalidaddecodegua.cl,https://www.achm.cl/municipios/codegua,Pendiente,,,
3,Libertador General Bernardo O'Higgins,Coinco,Juan Abarca Padilla,,,alcaldiaenlinea@municoinco.cl,Sitio municipal,722441111,Coinco,www.municoinco.cl,https://www.achm.cl/municipios/coinco,Pendiente,,,
3,Libertador General Bernardo O'Higgins,Coltauco,Félix Andrés Sánchez Vergara,,,alcalde@coltauco.cl,ACHM,722451713,"Coltauco, Región del Libertador Gral. Bernardo O’Higgins",www.coltauco.cl,https://www.achm.cl/municipios/coltauco,Pendiente,,,
3,Libertador General Bernardo O'Higgins,Doñihue,Boris Acuña Gonzalez,,,contacto@mdonihue.cl,ACHM,722462394,"Estacion Carrera 344, Doñihue, Región del Libertador Gral. Bernardo O’Higgins",www.mdonihue.cl,https://www.achm.cl/municipios/donihue,Pendiente,,,
3,Libertador General Bernardo O'Higgins,Graneros,Marcelo Miñañir Matus,,,alcaldia@municipalidadgraneros.cl,ACHM,722330500,"Plaza de Armas S/N, Graneros, Región del Libertador Gral. Bernardo O’Higgins",www.municipalidadgraneros.cl,https://www.achm.cl/municipios/graneros,Pendiente,,,
3,Libertador General Bernardo O'Higgins,La Estrella,Valentin Vidal Rubio,,,info@munilaestrella.cl,ACHM,722957520,"21 de Mayo sin numero, La Estrella, Región del Libertador Gral. Bernardo O’Higgins",www.munilaestrella.cl,https://www.achm.cl/municipios/la-estrella,Pendiente,,,
3,Libertador General Bernardo O'Higgins,Las Cabras,Juan Pablo Flores Astorga,,,alcalde@lascabrasmunicipalidad.cl,ACHM,722501250,"José Miguel Carrera 355, Las Cabras, O'Higgins",www.lascabrasmunicipalidad.cl,https://www.achm.cl/municipios/las-cabras,Pendiente,,,
3,Libertador General Bernardo O'Higgins,Litueche,Rodrigo Palominos Vidal,,,oficina.partes@litueche.cl,ACHM,72209800,"Cardenal Caro 796, Litueche, Región del Libertador Gral. Bernardo O’Higgins",www.litueche.cl,https://www.achm.cl/municipios/litueche,Pendiente,,,
3,Libertador General Bernardo O'Higgins,Lolol,José Alfredo Román Chávez,,,,Sin correo publicado: usar formulario OIRS del sitio o teléfono,722941074,"Los Aromos 85, Lolol, Región del Libertador Gral. Bernardo O’Higgins",www.lolol.cl,https://www.achm.cl/municipios/lolol,Pendiente,,,
3,Libertador General Bernardo O'Higgins,Machalí,Juan Carlos Abud Parra,,,,Sin correo publicado: usar formulario OIRS del sitio o teléfono,722746740,"Plaza de Armas 11, Machalí, Región del Libertador Gral. Bernardo O’Higgins",www.machali.cl,https://www.achm.cl/municipios/machali,Pendiente,,,
3,Libertador General Bernardo O'Higgins,Malloa,Luis Barra Villanueva,,,,Sin correo publicado: usar formulario OIRS del sitio o teléfono,722689214,"H-706 525, Malloa, Región del Libertador Gral. Bernardo O’Higgins",www.comunamalloa.cl,https://www.achm.cl/municipios/malloa,Pendiente,,,
3,Libertador General Bernardo O'Higgins,Marchihue,Sebastian Flores Labarca,,,informaciones@munimarchigue.cl,ACHM,722342510,"Marchihue, Región del Libertador Gral. Bernardo O’Higgins",marchigue.cl,https://www.achm.cl/municipios/marchihue,Pendiente,,,
3,Libertador General Bernardo O'Higgins,Mostazal,Veronica Arroyo Arancibia,,,,Sin correo publicado: usar formulario OIRS del sitio o teléfono,,"Plaza de Armas S/N, San Francisco de Mostazal, Región del Libertador Gral. Bernardo O’Higgins",www.mostazal.cl/home,https://www.achm.cl/municipios/mostazal,Pendiente,,,
3,Libertador General Bernardo O'Higgins,Nancagua,Gabriel Ahumada Díaz,,,gabriel.ahumada@municipalidadnancagua.cl,ACHM,722358800,"Ruta 90 301, Nancagua, Región del Libertador Gral. Bernardo O’Higgins",municipalidadnancagua.cl,https://www.achm.cl/municipios/nancagua,Pendiente,,,
3,Libertador General Bernardo O'Higgins,Navidad,Yanko Antonio Blumen Antivilo,,,,Sin correo publicado: usar formulario OIRS del sitio o teléfono,,"G-880 102, Navidad, Región del Libertador Gral. Bernardo O’Higgins",,https://www.achm.cl/municipios/navidad,Pendiente,,,
3,Libertador General Bernardo O'Higgins,Olivar,María Estrella Montero Carrasco,,,alcaldia@muniolivar.cl,ACHM,722391320,"PLAZA ESMERALDA S/N Olivar, Rancagua",www.muniolivar.cl,https://www.achm.cl/municipios/olivar,Pendiente,,,
3,Libertador General Bernardo O'Higgins,Palmilla,Carlos Carrero Perez,,,oirs@munipalmilla.cl,ACHM,722824063,"Avenida Juan Guillermo, Palmilla, Región del Libertador Gral. Bernardo O’Higgins",www.munipalmilla.cl,https://www.achm.cl/municipios/palmilla,Pendiente,,,
3,Libertador General Bernardo O'Higgins,Paredones,Moisés Antonio Carvacho Vargas,,,municipio@comunaparedones.cl,ACHM,,"Doctor Moore 15, Paredones",www.comunaparedones.cl/,https://www.achm.cl/municipios/paredones,Pendiente,,,
3,Libertador General Bernardo O'Higgins,Peralillo,Claudio Abraham Cumsille Chomali,,,contacto@muniperalillo.cl,ACHM,722351300,"Bdo O'Higgins, Peralillo, Región del Libertador Gral. Bernardo O’Higgins",www.muniperalillo.cl,https://www.achm.cl/municipios/peralillo,Pendiente,,,
3,Libertador General Bernardo O'Higgins,Peumo,Fermin Carreño Carreño,,,ofipartespeumo@gmail.com,ACHM (cuenta personal tipo Gmail/Hotmail: verificar antes de enviar),722561439,"Peumo, Región del Libertador Gral. Bernardo O’Higgins",www.mpeumo.cl/,https://www.achm.cl/municipios/peumo,Pendiente,,,
3,Libertador General Bernardo O'Higgins,Pichidegua,Adolfo Ceron Gonzalez,,,,Sin correo publicado: usar formulario OIRS del sitio o teléfono,722591025,"Pichidegua, Región del Libertador Gral. Bernardo O’Higgins",www.pichidegua.cl/,https://www.achm.cl/municipios/pichidegua,Pendiente,,,
3,Libertador General Bernardo O'Higgins,Pichilemu,Roberto Cordova Carreño,,,alcalde@pichilemu.cl,ACHM,722976553,"Angel Gaete 365, Pichilemu, Región del Libertador Gral. Bernardo O’Higgins",www.pichilemu.cl,https://www.achm.cl/municipios/pichilemu,Pendiente,,,
3,Libertador General Bernardo O'Higgins,Placilla,Marcelo Gonzáles Farias,,,alcaldia@muniplacilla.cl,ACHM,722283532,OSCAR GAJARDO 2250 PLACILLA,www.municipalidadplacilla.cl,https://www.achm.cl/municipios/placilla,Pendiente,,,
3,Libertador General Bernardo O'Higgins,Pumanque,Gonzalo Baraona Bezanilla,,,contacto@munipumanque.cl,ACHM,(72) 2605230,ANTONIO BARAHONA 120 Pumanque,www.munipumanque.cl,https://www.achm.cl/municipios/pumanque,Pendiente,,,
3,Libertador General Bernardo O'Higgins,Quinta de Tilcoco,Sebastián Alonso Rodríguez Fuenzalida,,,,Sin correo publicado: usar formulario OIRS del sitio o teléfono,722541128,MANUEL FLORES 50 QUINTA DE TILCOCO,municipalidadquintadetilcoco.cl,https://www.achm.cl/municipios/quinta-de-tilcoco,Pendiente,,,
3,Libertador General Bernardo O'Higgins,Rengo,Enrique Del Barrio Hernandez,,,alcaldia@munirengo.cl,ACHM,722208300,URRIOLA 26 RENGO,www.municipalidadrengo.cl,https://www.achm.cl/municipios/rengo,Pendiente,,,
3,Libertador General Bernardo O'Higgins,Requínoa,Waldo Antonio Valdivia Montecinos,,,,Sin correo publicado: usar formulario OIRS del sitio o teléfono,722952644,AV. COMERCIO 121 REQUINOA,www.requinoa.cl,https://www.achm.cl/municipios/requinoa,Pendiente,,,
3,Libertador General Bernardo O'Higgins,San Vicente,Guido Carreño Reyes,,,,Sin correo publicado: usar formulario OIRS del sitio o teléfono,722326801,TAGUA TAGUA 222 SAN VICENTE,www.municipalidadsanvicente.cl/,https://www.achm.cl/municipios/san-vicente,Pendiente,,,
3,Libertador General Bernardo O'Higgins,Santa Cruz,Yamil Ethit Romero,,,alcalde@municipalidadsantacruz.cl,ACHM,722822325,PLAZA DE ARMAS 242 SANTA CRUZ,www.municipalidadsantacruz.cl,https://www.achm.cl/municipios/santa-cruz,Pendiente,,,
3,Los Lagos,Ancud,Andrés Ojeda Care,,,carlos.gomez@muniancud.cl,ACHM,652487652,BLANCO ENCALADA 660 Ancud,www.muniancud.cl/inicio,https://www.achm.cl/municipios/ancud,Pendiente,,,
3,Los Lagos,Calbuco,Marco Andres Silva Maldonado,,,contacto@municipalidadcalbuco.cl,ACHM,652461236,FEDERICO ERRÁZURIZ 210 Calbuco,www.municipalidadcalbuco.cl/,https://www.achm.cl/municipios/calbuco,Pendiente,,,
3,Los Lagos,Castro,Baltazar Elgueta Cheuquepil,,,alcalde@municipalidadcastro.cl,ACHM,652538001 - 652538076,BLANCO 273 Castro,www.municipalidadcastro.cl,https://www.achm.cl/municipios/castro,Pendiente,,,
3,Los Lagos,Chaitén,Clara Lazcano Fernandez,,,alcalde@mchaiten.cl,ACHM,652741500,PEDRO MONTT 254 Chaitén,www.municipalidadchaiten.cl,https://www.achm.cl/municipios/chaiten,Pendiente,,,
3,Los Lagos,Chonchi,Fernando Oyarzún Macía,,,lhuirilef@hotmail.com,ACHM (cuenta personal tipo Gmail/Hotmail: verificar antes de enviar),652671255,Pedro Montt 254 Chonchi Región de los Lagos,www.municipalidadchonchi.cl,https://www.achm.cl/municipios/chonchi,Pendiente,,,
3,Los Lagos,Cochamó,Francisco Javier Donoso Oyarzun,,,oficinapartes@municochamo.cl,ACHM,,Cochamó,www.municochamo.cl,https://www.achm.cl/municipios/cochamo,Pendiente,,,
3,Los Lagos,Curaco de Vélez,Javiera Yáñez Rebolledo,,,oficinadepartes@curacodevelez.cl,ACHM,,GABRIELA MISTRAL 10 Curaco de Vélez,curacodevelez.cl/2014/,https://www.achm.cl/municipios/curaco-de-velez,Pendiente,,,
3,Los Lagos,Dalcahue,Alejandra Villegas,,,alcaldesa@munidalcahue.cl,ACHM,,,www.munidalcahue.cl/portal,https://www.achm.cl/municipios/dalcahue,Pendiente,,,
3,Los Lagos,Fresia,José Miguel Cárdenas Barría,,,,Sin correo publicado: usar formulario OIRS del sitio o teléfono,652772700,SAN FRANCISCO 124 Fresia,www.munifresia.cl/web2016,https://www.achm.cl/municipios/fresia,Pendiente,,,
3,Los Lagos,Futaleufú,Fernando Erwin Grandon Domke,,,oficinapartes@futaleufu.cl,ACHM,652721380,"Ruta 231 608, Futaleufú, Región de los Lagos",www.futaleufu.cl,https://www.achm.cl/municipios/futaleufu,Pendiente,,,
3,Los Lagos,Hualaihué,Cristina Espinoza Ojeda,,,alcaldiahualaihue@gmail.com,ACHM (cuenta personal tipo Gmail/Hotmail: verificar antes de enviar),652217 222,"Hornopirén, Hualaihue, Región de los Lagos",www.municipalidadhualaihue.cl,https://www.achm.cl/municipios/hualaihue,Pendiente,,,
3,Los Lagos,Llanquihue,Municipalidad De Llanquihue,,,alcalde@llanquihue.cl,ACHM,652244500,AV. ERARDO WERNER 450 Llanquihue,www.llanquihue.cl,https://www.achm.cl/municipios/llanquihue,Pendiente,,,
3,Los Lagos,Los Muermos,Emilio Gonzalez Burgos,,,alcalde@muermos.cl,ACHM,652772640,ANTONIO VARAS 498 Los Muermos,www.muermos.cl,https://www.achm.cl/municipios/los-muermos,Pendiente,,,
3,Los Lagos,Maullín,Nabih Soza Cárdenas,,,,Sin correo publicado: usar formulario OIRS del sitio o teléfono,652220200,"V-90 609, Maullin, Maullín, Región de los Lagos",www.munimaullin.cl,https://www.achm.cl/municipios/maullin,Pendiente,,,
3,Los Lagos,Osorno,Jaime Alberto Bertin Valenzuela,,,alcaldia@imo.cl,ACHM,642264 203,JUAN MACKENNA 851 Osorno,www.municipalidadosorno.cl,https://www.achm.cl/municipios/osorno,Pendiente,,,
3,Los Lagos,Palena,Julio Delgado Retamal,,,alcalde@municipalidadpalena.cl,ACHM,652741217,BERNARDO O'HIGGINS 740 PALENA,www.municipalidadpalena.cl,https://www.achm.cl/municipios/palena,Pendiente,,,
3,Los Lagos,Puerto Varas,Tomás Gárate Silva,,,,Sin correo publicado: usar formulario OIRS del sitio o teléfono,(65) 2361100,SAN FRANCISCO 413 Puerto Varas,www.ptovaras.cl/,https://www.achm.cl/municipios/puerto-varas,Pendiente,,,
3,Los Lagos,Puqueldón,Alejandro Ariel Cardenas Quezada,,,contacto@munipuqueldon.cl,ACHM,652677281,LOS CARRERA S/N Puqueldón,www.munipuqueldon.cl/,https://www.achm.cl/municipios/puqueldon,Pendiente,,,
3,Los Lagos,Purranque,Alicia Del Carmen Villar Vargas,,,,Sin correo publicado: usar formulario OIRS del sitio o teléfono,642643 386,PEDRO MONTT 249 Purranque,www.purranque.cl,https://www.achm.cl/municipios/purranque,Pendiente,,,
3,Los Lagos,Puyehue,María Jimena Nuñez Morales,,,jimenapuyehue@hotmail.com,ACHM (cuenta personal tipo Gmail/Hotmail: verificar antes de enviar),642643276,Puyehue,www.municipalidaddepuyehue.cl,https://www.achm.cl/municipios/puyehue,Pendiente,,,
3,Los Lagos,Queilén,Marcos Vargas Oyarzún,,,gabinete.queilen@gmail.com,ACHM (cuenta personal tipo Gmail/Hotmail: verificar antes de enviar),652535300,"283, Queilen, Queilén, Región de los Lagos",www.muniqueilen.cl,https://www.achm.cl/municipios/queilen,Pendiente,,,
3,Los Lagos,Quellón,Claudio Jorge Barudy Labrin,,,alcaldia@muniquellon.cl,ACHM,652686828,22 DE MAYO 351 Quellón,www.muniquellon.cl,https://www.achm.cl/municipios/quellon,Pendiente,,,
3,Los Lagos,Quemchi,Javier Ugarte Mansilla,,,,Sin correo publicado: usar formulario OIRS del sitio o teléfono,,Quemchi,www.quemchi.com,https://www.achm.cl/municipios/quemchi,Pendiente,,,
3,Los Lagos,Quinchao,Rene Garcés Álvarez,,,,Sin correo publicado: usar formulario OIRS del sitio o teléfono,,AMUNÁTEGUI 018 QUINCHAO,www.municipalidadquinchao.cl/cquinchao/,https://www.achm.cl/municipios/quinchao,Pendiente,,,
3,Los Lagos,Río Negro,Sebastián Cruzat Cárcamo,,,,Sin correo publicado: usar formulario OIRS del sitio o teléfono,642363200,"Vicuña Mackenna 277, Río Negro, Región de los Lagos",www.rionegrochile.cl,https://www.achm.cl/municipios/rio-negro,Pendiente,,,
3,Los Lagos,San Pablo,Marco Antonio Carrillo Bravo,,,alcaldia@sanpablo.cl,ACHM,642381429,BOLIVIA 498 San Pablo,www.sanpablo.cl,https://www.achm.cl/municipios/san-pablo,Pendiente,,,
3,Los Ríos,Corral,Claudio González Navarro,,,alcaldia@municipalidadcorral.cl,ACHM,,"Corral, Región de los Ríos",www.municipalidadcorral.cl/,https://www.achm.cl/municipios/corral,Pendiente,,,
3,Los Ríos,Futrono,Fernando Flández Montecinos,,,contacto@munifutrono.cl,ACHM,632482662,"Balmaceda S/N, Futrono, Región de los Ríos",www.munifutrono.cl,https://www.achm.cl/municipios/futrono,Pendiente,,,
3,Los Ríos,La Unión,Saturnino Quezada Solis,,,oficina.partes@munilaunion.cl,ACHM,642472200,"Arturo Prat 680, La Unión, Región de los Ríos",www.munilaunion.cl/,https://www.achm.cl/municipios/la-union,Pendiente,,,
3,Los Ríos,Lago Ranco,Miguel Meza Shwenke,,,alcaldia@lagoranco.cl,ACHM,632491212,"Ignacio Carrera Pinto, Lago Ranco, Región de los Ríos",www.municipalidadlagoranco.cl,https://www.achm.cl/municipios/lago-ranco,Pendiente,,,
3,Los Ríos,Lanco,Juan Rocha Aguilera,,,,Sin correo publicado: usar formulario OIRS del sitio o teléfono,632333914,"Libertad 251, Lanco, Región de los Ríos",www.munilanco.cl/portal,https://www.achm.cl/municipios/lanco,Pendiente,,,
3,Los Ríos,Los Lagos,Víctor Fritz Aguayo,,,alcaldia@muniloslagos.cl,ACHM,632461271,"Dirección: San Martín Nº 1 Comuna de Los Lagos Región de los Ríos, Chile",www.muniloslagos.cl/,https://www.achm.cl/municipios/los-lagos,Pendiente,,,
3,Los Ríos,Máfil,Gonzalo Andrés Lara,,,alcalde@munimafil.cl,ACHM,632411286,"Máfil, Región de los Ríos",www.munimafil.cl,https://www.achm.cl/municipios/mafil,Pendiente,,,
3,Los Ríos,Paillaco,Cristián Navarrete Quezada,,,,Sin correo publicado: usar formulario OIRS del sitio o teléfono,632422561,"Av. Vicuña Mackenna 340, Paillaco, Región de los Ríos",www.munipaillaco.cl/portal/,https://www.achm.cl/municipios/paillaco,Pendiente,,,
3,Los Ríos,Panguipulli,Rodrigo Valdivia Orias,,,,Sin correo publicado: usar formulario OIRS del sitio o teléfono,632310417,"Bernardo O'Higgins 793, Panguipulli, Región de los Ríos",www.panguipullitransparente.cl,https://www.achm.cl/municipios/panguipulli,Pendiente,,,
3,Los Ríos,Río Bueno,Luis Reyes Alvarez,,,info@muniriobueno.cl,ACHM,642340480,COMERCIO 603 RIO BUENO,www.muniriobueno.cl,https://www.achm.cl/municipios/rio-bueno,Pendiente,,,
3,Magallanes y de la Antártica Chilena,Cabo de Hornos y Antártica,Patricio Fernández Alarcón,,,municipalidad@imcabodehornos.cl,ACHM,612621180,"Puerto Williams, Cabo de Hornos, Región de Magallanes y de la Antártica Chilena",www.imcabodehornos.cl,https://www.achm.cl/municipios/cabo-de-hornos,Pendiente,,,
3,Magallanes y de la Antártica Chilena,Laguna Blanca,Fernando Ojeda González,,,alcalde@mlagunablanca.cl,ACHM,612311136,"KM. 100, RUTA 9 NORTE, VILLA TEHUELCHES",www.mlagunablanca.cl,https://www.achm.cl/municipios/laguna-blanca,Pendiente,,,
3,Magallanes y de la Antártica Chilena,Natales,Ana Mayorga Bahamonde,,,alcaldesa@muninatales.cl,ACHM,612209504,"Eberhard Puerto Natales, Natales Región de Magallanes y de la Antártica Chilena",www.muninatales.cl,https://www.achm.cl/municipios/natales,Pendiente,,,
3,Magallanes y de la Antártica Chilena,Porvenir,José Gabriel Parada Aguilar,,,alcalde@muniporvenir.cl,ACHM,612580207,PADRE MARIANO ZAVATTARO 434 porvenir,www.muniporvenir.cl,https://www.achm.cl/municipios/porvenir,Pendiente,,,
3,Magallanes y de la Antártica Chilena,Primavera,Karina Fernández Marín,,,alcaldia@muniprimavera.cl,ACHM,86407336,primavera magallanes,www.muniprimavera.cl,https://www.achm.cl/municipios/primavera,Pendiente,,,
3,Magallanes y de la Antártica Chilena,Río Verde,Tatiana Vásquez Barrientos,,,oirs@rioverde.cl,ACHM,612311125,Rio Verde Región de Magallanes y Antártica Chilena,www.rioverde.cl/,https://www.achm.cl/municipios/rio-verde,Pendiente,,,
3,Magallanes y de la Antártica Chilena,San Gregorio,Jeannette Isabel Andrade Ruiz,,,alcaldesa@sangregorio.cl,ACHM,612342411,"Avenida Bernardo O'Higgins 50 Punta Delgada, San Gregorio, Magallanes y Antártica Chilena",www.sangregorio.cl,https://www.achm.cl/municipios/san-gregorio,Pendiente,,,
3,Magallanes y de la Antártica Chilena,Timaukel,Luis Barría Andrade,,,info.oirs@municipalidadtimaukel.cl,ACHM,612216349,"Villa Cameron S/N Timaukel, Provincia de Tierra del Fuego, Región de Magallanes.",www.munitimaukel.cl/,https://www.achm.cl/municipios/timaukel,Pendiente,,,
3,Magallanes y de la Antártica Chilena,Torres del Paine,Anahí Cárdenas Rodríguez,,,alcaldesa@torresdelpayne.cl,ACHM,612411411,"Av. Bernardo O'higgins N° 208, Villa Cerro Castillo Comuna Torres del Paine Región de Magallanes",www.torresdelpayne.cl,https://www.achm.cl/municipios/torres-del-paine,Pendiente,,,
3,Maule,Cauquenes,Jorge Muñoz Saavedra,,,alcaldesa@cauquenes.cl,ACHM,732565201,ANTONIO VARAS 466 CAUQUENES,www.cauquenes.cl,https://www.achm.cl/municipios/cauquenes,Pendiente,,,
3,Maule,Chanco,Marcelo Osvaldo Waddington Guajardo,,,alcaldia@chanco.cl,ACHM,732551047,ABDÓN FUENTEALBA 334 CHANCO,www.chanco.cl,https://www.achm.cl/municipios/chanco,Pendiente,,,
3,Maule,Colbún,Pedro Pablo Muñoz Oses,,,info@municipalidadcolbun.cl,ACHM,732215920,AV. ADOLFO NOVOA 419 COLBÚN,www.municipalidadcolbun.cl,https://www.achm.cl/municipios/colbun,Pendiente,,,
3,Maule,Constitución,Carlos Moisés Valenzuela Gajardo,,,alcaldia@constitucion.cl,ACHM,712674750,PORTALES 450 CONSTITUCIÓN,www.constitucion.cl,https://www.achm.cl/municipios/constitucion,Pendiente,,,
3,Maule,Curepto,Fernando Alcántara Barrios,,,alcalde@curepto.cl,ACHM,752552300,PLAZA DE ARMAS S/N CUREPTO,www.curepto.cl,https://www.achm.cl/municipios/curepto,Pendiente,,,
3,Maule,Curicó,George Bordachar Sotomayor,,,javier.munoz@curico.cl,ACHM,752547500,ESTADO 279 CURICÓ,www.curico.cl,https://www.achm.cl/municipios/curico,Pendiente,,,
3,Maule,Empedrado,Carlos Correa Miños,,,alcaldia@empedrado.cl,ACHM,712527700,LIBERTADOR B.O'HIGGINS 422 EMPEDRADO,www.empedrado.cl,https://www.achm.cl/municipios/empedrado,Pendiente,,,
3,Maule,Hualañé,Carolina Alejandra Muñoz Núñez,,,contacto@hualane.cl,ACHM,752544700,LIBERTAD 90 HUALAÑÉ,www.hualane.cl,https://www.achm.cl/municipios/hualane,Pendiente,,,
3,Maule,Licantén,Claudio Alejandro Reyes Fuenzalida,,,alcaldia@mlicanten.cl,ACHM,75555300,JUAN ESTEBAN MONTERO 25 LICANTÉN,www.mlicanten.cl,https://www.achm.cl/municipios/licanten,Pendiente,,,
3,Maule,Linares,Mario Meza Vásquez,,,alcalde@munilinares.cl,ACHM,732564600,KURT MÖLLER 391 LINARES,www.corporacionlinares.cl/,https://www.achm.cl/municipios/linares,Pendiente,,,
3,Maule,Longaví,Jaime Briones Jorquera,,,alcaldia@municipalidadlongavi.cl,ACHM,73-241-1036,UNO ORIENTE 224 LONGAVÍ,www.municipalidadlongavi.cl,https://www.achm.cl/municipios/longavi,Pendiente,,,
3,Maule,Maule,Pablo Luna Amigo,,,oirs@comunademaule.cl,ACHM,712532520,"Calle Uno Oriente 1190, Of 3 Edif. Intendencia, Talca, Región del Maule",www.comunademaule.cl,https://www.achm.cl/municipios/maule,Pendiente,,,
3,Maule,Molina,Felipe Méndez Guzmán,,,fmendez@molina.cl,ACHM,75543300,YERBAS BUENAS 1389 MOLINA,web.molina.cl,https://www.achm.cl/municipios/molina,Pendiente,,,
3,Maule,Parral,Patricio Ojeda Alarcón,,,parral@parral.cl,ACHM,732751500,DIECIOCHO 720 PARRAL,www.parral.cl,https://www.achm.cl/municipios/parral,Pendiente,,,
3,Maule,Pelarco,Cristian Boris Cabrera Lazo,,,alcalde@municipalidaddepelarco.cl,ACHM,712238544,CATEDRAL 50 PELARCO,www.municipalidaddepelarco.cl,https://www.achm.cl/municipios/pelarco,Pendiente,,,
3,Maule,Pelluhue,María Luz Reyes Orellana,,,alcalde@munipelluhue.cl,ACHM,732970407,"PADRE SAMUEL JOFRÉ 415, CURANIPE",www.munipelluhue.cl,https://www.achm.cl/municipios/pelluhue,Pendiente,,,
3,Maule,Pencahue,José Miguel Tobar Aravena,,,,Sin correo publicado: usar formulario OIRS del sitio o teléfono,712235800,ALEJANDRO CRUZ VERGARA 891 PENCAHUE,www.mpencahue.cl,https://www.achm.cl/municipios/pencahue,Pendiente,,,
3,Maule,Rauco,Claudia Medina Hernández,,,oficinadepartes@munirauco.cl,ACHM,752564500,"Balmaceda 35, Rauco, Región del Maule",www.munirauco.cl,https://www.achm.cl/municipios/rauco,Pendiente,,,
3,Maule,Retiro,Rafael Ramírez Parra,,,retiro@retiro.cl,ACHM,732620700,"Errazuriz, Retiro, Región del Maule",www.retiro.cl/,https://www.achm.cl/municipios/retiro,Pendiente,,,
3,Maule,Romeral,José Antonio Arellano Lynch,,,comunicaciones@muniromeral.cl,ACHM,752576330,IGNACIO CARRERA PINTO 1213 ROMERAL,www.muniromeral.cl/,https://www.achm.cl/municipios/romeral,Pendiente,,,
3,Maule,Río Claro,Américo Guajardo Oyarce,,,aguajardo.o@rioclaro.cl,ACHM,712291022,"U. Opazo Cumpeo, Río Claro Región del Maule Chile",www.rioclaro.cl,https://www.achm.cl/municipios/rio-claro,Pendiente,,,
3,Maule,Sagrada Familia,Osvaldo Jorquera Padilla,,,informaciones@sagradafamilia.cl,ACHM,752545810,SAN FRANCISCO 40 SAGRADA FAMILIA maule,www.sagradafamilia.cl,https://www.achm.cl/municipios/sagrada-familia,Pendiente,,,
3,Maule,San Clemente,Juan Raúl Rojas Vergara,,,alcaldia@sanclemete.cl,ACHM,712621570,CARLOS SILVA RENARD 792 SAN CLEMENTE,www.sanclemete.cl,https://www.achm.cl/municipios/san-clemente,Pendiente,,,
3,Maule,San Javier,Jorge Silva Sepúlveda,,,alcalde@imsanjavier.cl,ACHM,73232 2361,ARTURO PRAT 2490 SAN JAVIER,www.imsanjavier.cl,https://www.achm.cl/municipios/san-javier,Pendiente,,,
3,Maule,San Rafael,Basilio Octavio Pérez Díaz,,,rrpp@munisanrafael.cl,ACHM,712651810,AV. ORIENTE 2625 SAN RAFAEL,www.munisanrafael.cl,https://www.achm.cl/municipios/san-rafael,Pendiente,,,
3,Maule,Teno,Wildo Richard Farías González,,,alcaldesa@teno.cl,ACHM,752552800,"Arturo Prat 225, Teno, Región del Maule",www.teno.cl,https://www.achm.cl/municipios/teno,Pendiente,,,
3,Maule,Vichuquén,Patricio Andrés Rivera Bravo,,,correspondencia@mvichuquen.cl,ACHM,752555501,MANUEL RODRÍGUEZ 315 VICHUQUÉN,www.munivichuquen.cl,https://www.achm.cl/municipios/vichuquen,Pendiente,,,
3,Maule,Villa Alegre,Arturo Palma Vilches,,,alcaldia@villalegre.cl,ACHM,732382066,AV. ESPAÑA196 VILLA ALEGRE,www.villalegre.cl,https://www.achm.cl/municipios/villa-alegre,Pendiente,,,
3,Maule,Yerbas Buenas,Jonathan Norambuena Barros,,,contacto@muniyerbasbuenas.cl,ACHM,732620500,CENTENARIO 101 YERBAS BUENAS,www.muniyerbasbuenas.cl,https://www.achm.cl/municipios/yerbas-buenas,Pendiente,,,
3,Tarapacá,Alto Hospicio,Patricio Elias Ferreira Rivera,,,pferreira@maho.c,ACHM,(57) 258 3000,"Av. Ramón Pérez Opazo 3125, P 1 Of, Alto Hospicio",maho.cl,https://www.achm.cl/municipios/alto-hospicio,Pendiente,,,
3,Tarapacá,Camiña,Evelyn Mamani Viza,,,,Sin correo publicado: usar formulario OIRS del sitio o teléfono,99-161-7196,"Arturo Prat, Camiña",www.municipalidaddecamina.cl,https://www.achm.cl/municipios/camina,Pendiente,,,
3,Tarapacá,Colchane,Teofilo Pedro Mamani Garcia,,,alcalde@imcolchane.cl,ACHM,572361407,"Gorostiaga 287, Iquique, Región de Tarapacá",www.imcolchane.cl,https://www.achm.cl/municipios/colchane,Pendiente,,,
3,Tarapacá,Huara,Jose Bartolo Vinaya,,,imhuara.alcaldia@gmail.com,ACHM (cuenta personal tipo Gmail/Hotmail: verificar antes de enviar),57-2267900,Vicuña Mackenna S/N - Localidad de Huara,www.imhuara.cl,https://www.achm.cl/municipios/huara,Pendiente,,,
3,Tarapacá,Pica,Iván Infante Chacón,,,contacto@municipalidadpica.cl,ACHM,572741310,"Ilustre Municipalidad de Pica, Pica",www.municipalidadpica.cl,https://www.achm.cl/municipios/pica,Pendiente,,,
3,Tarapacá,Pozo Almonte,Richard Godoy Aguirre,,,contacto@impa.gob.cl,ACHM,572407220,"Balmaceda 276, Pozo Almonte, Región de Tarapacá",www.impa.gob.cl,https://www.achm.cl/municipios/pozo-almonte,Pendiente,,,
3,Valparaíso,Algarrobo,Marco Antonio González,,,alcaldia@municipalidadalgarrobo.cl,ACHM,352200100,"Av Peñablanca 250, Algarrobo, Región de Valparaíso",municipalidadalgarrobo.cl,https://www.achm.cl/municipios/algarrobo,Pendiente,,,
3,Valparaíso,Cabildo,Patricio Aliaga Díaz,,,municipiocabildo@tie.cl,ACHM,33 - 761053 - 761086 - 762100,"Humeres 499, Cabildo, Región de Valparaíso",municipiocabildo.cl,https://www.achm.cl/municipios/cabildo,Pendiente,,,
3,Valparaíso,Calle Larga,Dina González Alfaro,,,,Sin correo publicado: usar formulario OIRS del sitio o teléfono,342461041,"Calle Larga 2088, Los Andes, Calle Larga",www.municallelarga.cl,https://www.achm.cl/municipios/calle-larga,Pendiente,,,
3,Valparaíso,Cartagena,Lidia Silva Garcia,,,alcalde@cartagena-chile.cl,ACHM,352200710,"Mariano Casanova 310, Cartagena, Región de Valparaíso",www.cartagena-chile.cl,https://www.achm.cl/municipios/cartagena,Pendiente,,,
3,Valparaíso,Casablanca,Rodrigo Martinez Roca,,,,Sin correo publicado: usar formulario OIRS del sitio o teléfono,322277412,"Av Constitución 111, Casablanca, Región de Valparaíso",www.municasablanca.cl,https://www.achm.cl/municipios/casablanca,Pendiente,,,
3,Valparaíso,Catemu,Rodrigo Díaz Brito,,,bluksicn@municatemu.cl,ACHM,342631316,"Calle Borjas Garcia Huidobro # 25, Región de, Valparaíso, Catemu, Región de Valparaíso",www.municatemu.cl,https://www.achm.cl/municipios/catemu,Pendiente,,,
3,Valparaíso,El Tabo,Alfonso Muñoz Aravena,,,alcalde@eltabo.cl,ACHM,352203500,"Las Cruces Norte 401, El Tabo, Región de Valparaíso",www.eltabo.cl,https://www.achm.cl/municipios/el-tabo,Pendiente,,,
3,Valparaíso,Hijuelas,Veronica Rossat Arriagada,,,informaciones@hijuelas.cl,ACHM,(33) 229 0100,"Manuel Rodriguez 1665, Hijuelas, Valparaíso, Chile.",hijuelas.cl,https://www.achm.cl/municipios/hijuelas,Pendiente,,,
3,Valparaíso,Isla de Pascua,Elizabeth Arevalo Pakarati,,,contacto@rapanui.net,ACHM,+56 32 2100226 - 2100230,"Atamu Tekena s/n, Rapa Nui",www.rapanui.net,https://www.achm.cl/municipios/isla-de-pascua,Pendiente,,,
3,Valparaíso,Juan Fernández,Pablo Andrés Manríquez Angulo,,,alcalde@comunajuanfernandez.cl,ACHM,56322751001,"Juan Fernández, Región de Valparaíso",www.comunajuanfernandez.cl,https://www.achm.cl/municipios/juan-fernandez,Pendiente,,,
3,Valparaíso,La Calera,Johnny Piraino,,,,Sin correo publicado: usar formulario OIRS del sitio o teléfono,33 2222156,"J. J. Pérez 65, La Calera",www.lacalera.cl,https://www.achm.cl/municipios/la-calera,Pendiente,,,
3,Valparaíso,La Cruz,Filomena Navia Hevia,,,,Sin correo publicado: usar formulario OIRS del sitio o teléfono,332312049,"21 de Mayo 5310, La Cruz, Región de Valparaíso",www.lacruz.cl,https://www.achm.cl/municipios/la-cruz,Pendiente,,,
3,Valparaíso,Limache,Luciano Valenzuela Romero,,,,Sin correo publicado: usar formulario OIRS del sitio o teléfono,56332297200,"Av. Palmira Romano Sur nº340, Limache",limache.cl/,https://www.achm.cl/municipios/limache,Pendiente,,,
3,Valparaíso,Llaillay,Edgardo González,,,,Sin correo publicado: usar formulario OIRS del sitio o teléfono,34 2379100,"J. Manuel Balmaceda 174, Llay-Llay",www.munllayllay.cl,https://www.achm.cl/municipios/llaillay,Pendiente,,,
3,Valparaíso,Los Andes,Manuel Rivera Martínez,,,contacto@munilosandes.cl,ACHM,34-250-7700,"Esmeralda 536, Los Andes",www.munilosandes.cl,https://www.achm.cl/municipios/los-andes,Pendiente,,,
3,Valparaíso,Nogales,Leslie Pacheco Ramirez,,,,Sin correo publicado: usar formulario OIRS del sitio o teléfono,,municipalidad Nogales,muninogales.cl/,https://www.achm.cl/municipios/nogales,Pendiente,,,
3,Valparaíso,Olmué,Jorge Elias Jil Herrera,,,rrpp@olmue.cl,ACHM,332441963,"Prat 12, Olmué, Región de Valparaíso",www.muniolmue.cl,https://www.achm.cl/municipios/olmue,Pendiente,,,
3,Valparaíso,Panquehue,Gonzalo Vergara,,,,Sin correo publicado: usar formulario OIRS del sitio o teléfono,34 2597700,"Troncal 1166, Ruta Ch-60, Panquehue",www.impanquehue.cl,https://www.achm.cl/municipios/panquehue,Pendiente,,,
3,Valparaíso,Papudo,Claudia Adasme Donoso,,,contacto@municipalidadpapudo.cl,ACHM,33 2325100,"Chorrillos 9, Papudo, Región de Valparaíso",www.municipalidadpapudo.cl,https://www.achm.cl/municipios/papudo,Pendiente,,,
3,Valparaíso,Petorca,Gustavo Henriquez Toledo,,,alcaldia@municipalidadpetorca.cl,ACHM,3322337840,"Cuartel, Petorca, Región de Valparaíso",municipalidadpetorca.cl,https://www.achm.cl/municipios/petorca,Pendiente,,,
3,Valparaíso,Puchuncaví,Marcos Morales Ureta,,,marcos.morales@munipuchuncavi.cl,ACHM,32 2139600,Puchuncaví,www.munipuchuncavi.cl/,https://www.achm.cl/municipios/puchuncavi,Pendiente,,,Borrador creado en Gmail el 05-10-2026
3,Valparaíso,Putaendo,Mauricio Antonio Quiroz Chamorro,,,alcaldia@putaendo.cl,ACHM,342431510,Putaendo,www.putaendo.cl/,https://www.achm.cl/municipios/putaendo,Pendiente,,,
3,Valparaíso,Quillota,Luis Mella Gajardo,,,contacto@quillota.cl,ACHM,332291138,"Maipú 330, Quillota, Región de Valparaíso",www.quillota.cl/web/sitio/,https://www.achm.cl/municipios/quillota,Pendiente,,,
3,Valparaíso,Quilpué,Carolina Corti Badia,,,alcaldia@quilpue.cl,ACHM,322186037,"Vicuña Mackenna 684, Quilpué, Región de Valparaíso",www.quilpue.cl,https://www.achm.cl/municipios/quilpue,Pendiente,,,
3,Valparaíso,Quintero,Rolando Silva Fuentes,,,info@muniquintero.cl,ACHM,322379710,"Av Normandie 1916, Quintero, Región de Valparaíso",www.muniquintero.cl,https://www.achm.cl/municipios/quintero,Pendiente,,,
3,Valparaíso,Rinconada,Juan Galdámez Carmona,,,,Sin correo publicado: usar formulario OIRS del sitio o teléfono,342509500,"General San Martín 607, La Rinconada, Rinconada, Región de Valparaíso",www.munirinconada.cl,https://www.achm.cl/municipios/rinconada,Pendiente,,,
3,Valparaíso,San Antonio,Omar Vera Castro,,,alcalde@sanantonio.cl,ACHM,352203346,"Barros Luco 1881, San Antonio, Región de Valparaíso",www.sanantonio.cl,https://www.achm.cl/municipios/san-antonio,Pendiente,,,
3,Valparaíso,San Esteban,Christian Ortega Villagras,,,,Sin correo publicado: usar formulario OIRS del sitio o teléfono,342481828,"Calle el Higueral 835 San Esteban, San Esteban, Región de Valparaíso",www.munisanesteban.cl,https://www.achm.cl/municipios/san-esteban,Pendiente,,,
3,Valparaíso,San Felipe,Carmen Castillo Taucher,,,gabinete@sanfe.cl,ACHM,342509003,"Salinas 1211, San Felipe, Región de Valparaíso",www.munisanfelipe.cl,https://www.achm.cl/municipios/san-felipe,Pendiente,,,
3,Valparaíso,Santa María,Claudio Zurita Ibarra,,,alcaldezurita@tie.cl,ACHM,342595301,"BERNARDO O'HIGGINS 843, Santa Maria, Región de Valparaíso",www.imsantamaria.cl,https://www.achm.cl/municipios/santa-maria,Pendiente,,,
3,Valparaíso,Santo Domingo,Fernando Rodriguez Larrain,,,alcaldia@santodomingo.cl,ACHM,352200611,"PLAZA EL CABILDO S/N, Valparaíso, Santo Domingo",www.santodomingo.cl,https://www.achm.cl/municipios/santo-domingo,Pendiente,,,
3,Valparaíso,Viña del Mar,Macarena Carolina Ripamonti Serrano,,,,Sin correo publicado: usar formulario OIRS del sitio o teléfono,322269200,ARLEGUI 615 viña del mar,www.vinadelmarchile.cl,https://www.achm.cl/municipios/vina-del-mar,Pendiente,,,
3,Ñuble,Bulnes,Guillermo Yeber Rodríguez,,,sec.alcaldia@imb.cl,ACHM,422 204002,,imb.cl/,https://www.achm.cl/municipios/bulnes,Pendiente,,,
3,Ñuble,Chillán Viejo,Jorge Del Pozo Pastene,,,soporte.web@chillanviejo.cl,ACHM,42 2201500,"Ignacio Serrano 300, Chillán Viejo",www.chillanviejo.cl/,https://www.achm.cl/municipios/chillan-viejo,Pendiente,,,
3,Ñuble,Cobquecura,Jorge Romero Villalobos,,,jorge.romero@cobquecura.cl,ACHM,+56 443579680,"Independencia #300, Cobquecura, Región de Ñuble",cobquecura.cl/,https://www.achm.cl/municipios/cobquecura,Pendiente,,,
3,Ñuble,Coelemu,Alejandro Pedreros Urrutia,,,oficinadepartes@municoelemu.cl,ACHM,+56422500110,Pedro León Gallo 609,www.municoelemu.cl/,https://www.achm.cl/municipios/coelemu,Pendiente,,,
3,Ñuble,Coihueco,Wilson Palma Jelves,,,,Sin correo publicado: usar formulario OIRS del sitio o teléfono,422471002,"Arturo Prat 1675, Coihueco, Ñuble",municoihueco.cl,https://www.achm.cl/municipios/coihueco,Pendiente,,,
3,Ñuble,El Carmen,Renan Cabezas Arroyo,,,,Sin correo publicado: usar formulario OIRS del sitio o teléfono,422503300,,portal.municipalidadelcarmen.cl/,https://www.achm.cl/municipios/el-carmen,Pendiente,,,
3,Ñuble,Ninhue,Luis Alberto Molina Melo,,,partes@munininhue.cl,ACHM,422870870,,www.munininhue.cl,https://www.achm.cl/municipios/ninhue,Pendiente,,,
3,Ñuble,Pinto,Jairo Del Pino Lema,,,municipalidaddepinto@munipinto.cl,ACHM,422834000,,www.municipalidaddepinto.cl,https://www.achm.cl/municipios/pinto,Pendiente,,,
3,Ñuble,Portezuelo,Juan Carlos Ramírez Sepúlveda,,,partes@mportezuelo.cl,ACHM,422200800,"O´Higgins 403, Portezuelo",mportezuelo.cl/,https://www.achm.cl/municipios/portezuelo,Pendiente,,,
3,Ñuble,Quillón,Felipe Ignacio Catalan Venegas,,,contacto@quillon.cl,ACHM,(42) 220 7100,"18 de Septiembre 250, Quillón",home.quillon.cl,https://www.achm.cl/municipios/quillon,Pendiente,,,
3,Ñuble,Quirihue,Eduardo Enrique Redlich Mardones,,,alcalde@municipalidadquirihue.cl,ACHM,422531221,ESMERALDA 698 Quirihue,www.municipalidadquirihue.cl,https://www.achm.cl/municipios/quirihue,Pendiente,,,
3,Ñuble,Ránquil,Nicolás Alfonso Torres Ovalle,,,alcalde@mranquil.cl,ACHM,422833700,Ranquil,www.municipalidadranquil.cl,https://www.achm.cl/municipios/ranquil,Pendiente,,,
3,Ñuble,San Carlos,Rubén Méndez Venegas,,,alcalde@sancarlos.cl,ACHM,422201300,VICUÑA MACKENNA 436 San Carlos,www.sancarlos.cl,https://www.achm.cl/municipios/san-carlos,Pendiente,,,
3,Ñuble,San Fabián,Cristofer Antonio Valdes Gonzalez,,,alcalde@sanfabian.cl,ACHM,4222419062,21 de Mayo San Fabián Región del Bío Bío,www.sanfabian.cl,https://www.achm.cl/municipios/san-fabian,Pendiente,,,
3,Ñuble,San Ignacio,Patricio Eduardo Suazo Romero,,,,Sin correo publicado: usar formulario OIRS del sitio o teléfono,,"Manuel Jesus Ortiz 599, San Ignacio, Region de Ñuble",www.munisanignacio.cl/,https://www.achm.cl/municipios/san-ignacio,Pendiente,,,
3,Ñuble,San Nicolás,Víctor Toro Leiva,,,alcaldia@municipalidadsannicolas.cl,ACHM,422561443,ARTURO PRAT 202 San Nicolás,www.municipalidadsannicolas.cl,https://www.achm.cl/municipios/san-nicolas,Pendiente,,,
3,Ñuble,Treguaco,Jorge Morales Sanhueza,,,,Sin correo publicado: usar formulario OIRS del sitio o teléfono,42-283-2200,GONZALO URREJOLA 460 TREHUACO,www.trehuaco.com,https://www.achm.cl/municipios/treguaco,Pendiente,,,
3,Ñuble,Yungay,Rafael Cifuentes Rodríguez,,,alcaldia@yungay.cl,ACHM,422205602,AV. ESMERALDA 380 Yungay,www.yungay.cl,https://www.achm.cl/municipios/yungay,Pendiente,,,
